"project","path","exists"
"TwinCAT_OpenFramework_Automation","Sources/TwinCAT.OpenFramework.Automation/AutomationComponent/Branches/AutomationController/AutomationController.TcPOU","True"
"TwinCAT_OpenFramework_Automation","Sources/TwinCAT.OpenFramework.Automation/AutomationComponent/Branches/AutomationController/AutomationControllers.TcPOU","True"
"TwinCAT_OpenFramework_Automation","Sources/TwinCAT.OpenFramework.Automation/AutomationComponent/Branches/AutomationController/IAutomationController.TcIO","True"
"TwinCAT_OpenFramework_Automation","Sources/TwinCAT.OpenFramework.Automation/AutomationComponent/Branches/AutomationController/Plugins/HMI/HmiAutomationComponentElement.TcPOU","True"
"TwinCAT_OpenFramework_Automation","Sources/TwinCAT.OpenFramework.Automation/AutomationComponent/Branches/AutomationController/Plugins/HMI/HMI_AUTOMATION_COMPONENT_COMMANDS.TcDUT","True"
"TwinCAT_OpenFramework_Automation","Sources/TwinCAT.OpenFramework.Automation/AutomationComponent/Branches/AutomationController/Plugins/HMI/HMI_AUTOMATION_COMPONENT_STATUSES.TcDUT","True"
"TwinCAT_OpenFramework_Automation","Sources/TwinCAT.OpenFramework.Automation/AutomationComponent/Branches/AutomationController/Plugins/IAutomationControllerPlugin.TcIO","True"
"TwinCAT_OpenFramework_Automation","Sources/TwinCAT.OpenFramework.Automation/AutomationComponent/Branches/BranchAutomationComponent.TcPOU","True"
"TwinCAT_OpenFramework_Automation","Sources/TwinCAT.OpenFramework.Automation/AutomationComponent/Branches/Composite/CompositeAutomationComponent.TcPOU","True"
"TwinCAT_OpenFramework_Automation","Sources/TwinCAT.OpenFramework.Automation/AutomationComponent/Branches/Composite/ICompositeAutomationComponent.TcIO","True"
"TwinCAT_OpenFramework_Automation","Sources/TwinCAT.OpenFramework.Automation/AutomationComponent/Branches/ChildCriticalErrorHandlingPolicies/ChildCriticalErrorHandlingPolicies.TcPOU","True"
"TwinCAT_OpenFramework_Automation","Sources/TwinCAT.OpenFramework.Automation/AutomationComponent/Branches/ChildCriticalErrorHandlingPolicies/CHILD_CRITICAL_ERROR_REACTION.TcDUT","True"
"TwinCAT_OpenFramework_Automation","Sources/TwinCAT.OpenFramework.Automation/AutomationComponent/Branches/ChildCriticalErrorHandlingPolicies/IChildCriticalErrorHandlingPolicy.TcIO","True"
"TwinCAT_OpenFramework_Automation","Sources/TwinCAT.OpenFramework.Automation/AutomationComponent/Branches/ChildCriticalErrorHandlingPolicies/IgnoreChildCriticalErrorHandlingPolicy.TcPOU","True"
"TwinCAT_OpenFramework_Automation","Sources/TwinCAT.OpenFramework.Automation/AutomationComponent/Branches/ChildCriticalErrorHandlingPolicies/SetErrorAndContinueAfterChildCriticalErrorHandlingPolicy.TcPOU","True"
"TwinCAT_OpenFramework_Automation","Sources/TwinCAT.OpenFramework.Automation/AutomationComponent/Branches/ChildCriticalErrorHandlingPolicies/SetErrorAndStopAfterCriticalChildErrorHandlingPolicy.TcPOU","True"
"TwinCAT_OpenFramework_Automation","Sources/TwinCAT.OpenFramework.Automation/AutomationComponent/Enums/OPERATIONAL_STATE.TcDUT","True"
"TwinCAT_OpenFramework_Automation","Sources/TwinCAT.OpenFramework.Automation/AutomationComponent/AutomationComponent.TcPOU","True"
"TwinCAT_OpenFramework_Automation","Sources/TwinCAT.OpenFramework.Automation/AutomationComponent/IAutomationComponent.TcIO","True"
"TwinCAT_OpenFramework_Automation","Sources/TwinCAT.OpenFramework.Automation/AutomationComponent/CommonSubInterfaces/IChildAutomationComponent.TcIO","True"
"TwinCAT_OpenFramework_Automation","Sources/TwinCAT.OpenFramework.Automation/AutomationComponent/CommonSubInterfaces/IInputLeafAutomationComponent.TcIO","True"
"TwinCAT_OpenFramework_Automation","Sources/TwinCAT.OpenFramework.Automation/AutomationComponent/CommonSubInterfaces/IOutputLeafAutomationComponent.TcIO","True"
"TwinCAT_OpenFramework_Automation","Sources/TwinCAT.OpenFramework.Automation/AutomationComponent/CommonSubInterfaces/IParentAutomationComponent.TcIO","True"
"TwinCAT_OpenFramework_Automation","Sources/TwinCAT.OpenFramework.Automation/AutomationComponent/Leafs/InputOutput/InputOutputLeafAutomationComponent.TcPOU","True"
"TwinCAT_OpenFramework_Automation","Sources/TwinCAT.OpenFramework.Automation/AutomationComponent/Leafs/Input/InputLeafAutomationComponent.TcPOU","True"
"TwinCAT_OpenFramework_Automation","Sources/TwinCAT.OpenFramework.Automation/AutomationComponent/Leafs/Output/OutputLeafAutomationComponent.TcPOU","True"
"TwinCAT_OpenFramework_Automation","Sources/TwinCAT.OpenFramework.Automation/AutomationComponent/Leafs/LeafAutomationComponent.TcPOU","True"
"TwinCAT_OpenFramework_Automation","Sources/TwinCAT.OpenFramework.Automation/AutomationRunner/AutomationRunner.TcPOU","True"
"TwinCAT_OpenFramework_Automation","Sources/TwinCAT.OpenFramework.Automation/AutomationRunner/AUTOMATION_RUNNER_STATE.TcDUT","True"
"TwinCAT_OpenFramework_Automation","Sources/TwinCAT.OpenFramework.Automation/AutomationRunner/IAutomationRunner.TcIO","True"
"TwinCAT_OpenFramework_Automation","Sources/TwinCAT.OpenFramework.Automation/AUTOMATION_ERROR_LOG.TcDUT","True"
"TwinCAT_OpenFramework_Automation","Sources/TwinCAT.OpenFramework.Automation/GlobalState.TcGVL","True"
"TwinCAT_OpenFramework_Automation","Sources/TwinCAT.OpenFramework.Automation/Internal/CurrentNamespace.TcPOU","True"
"TwinCAT_OpenFramework_Automation","Sources/TwinCAT.OpenFramework.Automation/Internal/NamespaceExtractor.TcPOU","True"
"TwinCAT_OpenFramework_Automation","Sources/TwinCAT.OpenFramework.Automation/Parameters.TcGVL","True"
"TwinCAT_OpenFramework_Automation","Sources/TwinCAT.OpenFramework.Automation/Simulatable/IChildConfigurableSimulatable.TcIO","True"
"TwinCAT_OpenFramework_Automation","Sources/TwinCAT.OpenFramework.Automation/Simulatable/IChildSimulatable.TcIO","True"
"TwinCAT_OpenFramework_Automation","Sources/TwinCAT.OpenFramework.Automation/Simulatable/IConfigurableSimulatable.TcIO","True"
"TwinCAT_OpenFramework_Automation","Sources/TwinCAT.OpenFramework.Automation/Simulatable/ISimulatable.TcIO","True"
"TwinCAT_OpenFramework_Automation","Sources/TwinCAT.OpenFramework.Automation/Simulatable/SIMULATION_MODE_OVERRIDE.TcDUT","True"
"TwinCAT_OpenFramework_Automation","Sources/TwinCAT.OpenFramework.Automation/Version/Global_Version.TcGVL","True"
"TwinCAT_OpenFramework_Collections","Sources/TwinCAT.OpenFramework.Collections/ByteList/ByteList.TcPOU","True"
"TwinCAT_OpenFramework_Collections","Sources/TwinCAT.OpenFramework.Collections/ByteList/ByteListEnumerator.TcPOU","True"
"TwinCAT_OpenFramework_Collections","Sources/TwinCAT.OpenFramework.Collections/ByteList/IByteList.TcIO","True"
"TwinCAT_OpenFramework_Collections","Sources/TwinCAT.OpenFramework.Collections/ByteList/IReadOnlyByteList.TcIO","True"
"TwinCAT_OpenFramework_Collections","Sources/TwinCAT.OpenFramework.Collections/Dictionary/Dictionary.TcPOU","True"
"TwinCAT_OpenFramework_Collections","Sources/TwinCAT.OpenFramework.Collections/Dictionary/DictionaryEnumerator.TcPOU","True"
"TwinCAT_OpenFramework_Collections","Sources/TwinCAT.OpenFramework.Collections/Dictionary/IDictionary.TcIO","True"
"TwinCAT_OpenFramework_Collections","Sources/TwinCAT.OpenFramework.Collections/Dictionary/IReadOnlyDictionary.TcIO","True"
"TwinCAT_OpenFramework_Collections","Sources/TwinCAT.OpenFramework.Collections/ICollection.TcIO","True"
"TwinCAT_OpenFramework_Collections","Sources/TwinCAT.OpenFramework.Collections/Internal/CurrentNamespace.TcPOU","True"
"TwinCAT_OpenFramework_Collections","Sources/TwinCAT.OpenFramework.Collections/Internal/NamespaceExtractor.TcPOU","True"
"TwinCAT_OpenFramework_Collections","Sources/TwinCAT.OpenFramework.Collections/List/IList.TcIO","True"
"TwinCAT_OpenFramework_Collections","Sources/TwinCAT.OpenFramework.Collections/List/IReadOnlyList.TcIO","True"
"TwinCAT_OpenFramework_Collections","Sources/TwinCAT.OpenFramework.Collections/List/List.TcPOU","True"
"TwinCAT_OpenFramework_Collections","Sources/TwinCAT.OpenFramework.Collections/List/ListEnumerator.TcPOU","True"
"TwinCAT_OpenFramework_Collections","Sources/TwinCAT.OpenFramework.Collections/Queue/IReadOnlyQueue.TcIO","True"
"TwinCAT_OpenFramework_Collections","Sources/TwinCAT.OpenFramework.Collections/Queue/IQueue.TcIO","True"
"TwinCAT_OpenFramework_Collections","Sources/TwinCAT.OpenFramework.Collections/Queue/Queue.TcPOU","True"
"TwinCAT_OpenFramework_Collections","Sources/TwinCAT.OpenFramework.Collections/Queue/StaticEnumerator.TcPOU","True"
"TwinCAT_OpenFramework_Collections","Sources/TwinCAT.OpenFramework.Collections/UniqueDataSet/UniqueDataSet.TcPOU","True"
"TwinCAT_OpenFramework_Collections","Sources/TwinCAT.OpenFramework.Collections/UniqueDataSet/UniqueDataSetEnumerator.TcPOU","True"
"TwinCAT_OpenFramework_Collections","Sources/TwinCAT.OpenFramework.Collections/UniqueDataSet/IUniqueDataSet.TcIO","True"
"TwinCAT_OpenFramework_Collections","Sources/TwinCAT.OpenFramework.Collections/UniqueDataSet/IReadOnlyUniqueDataSet.TcIO","True"
"TwinCAT_OpenFramework_Collections","Sources/TwinCAT.OpenFramework.Collections/Version/Global_Version.TcGVL","True"
"TwinCAT_OpenFramework_Comparision","Sources/TwinCAT.OpenFramework.Comparision/Comparers/StandardComparers/LDateComparer.TcPOU","True"
"TwinCAT_OpenFramework_Comparision","Sources/TwinCAT.OpenFramework.Comparision/Internal/CurrentNamespace.TcPOU","True"
"TwinCAT_OpenFramework_Comparision","Sources/TwinCAT.OpenFramework.Comparision/Internal/NamespaceExtractor.TcPOU","True"
"TwinCAT_OpenFramework_Comparision","Sources/TwinCAT.OpenFramework.Comparision/Predicates/SameDataPredicate.TcPOU","True"
"TwinCAT_OpenFramework_Comparision","Sources/TwinCAT.OpenFramework.Comparision/Predicates/IdenticalDataPredicate.TcPOU","True"
"TwinCAT_OpenFramework_Comparision","Sources/TwinCAT.OpenFramework.Comparision/Comparers/StandardComparers.TcPOU","True"
"TwinCAT_OpenFramework_Comparision","Sources/TwinCAT.OpenFramework.Comparision/Comparers/StandardComparers/BoolComparer.TcPOU","True"
"TwinCAT_OpenFramework_Comparision","Sources/TwinCAT.OpenFramework.Comparision/Comparers/StandardComparers/ByteArrayComparer.TcPOU","True"
"TwinCAT_OpenFramework_Comparision","Sources/TwinCAT.OpenFramework.Comparision/Comparers/StandardComparers/DateAndTimeComparer.TcPOU","True"
"TwinCAT_OpenFramework_Comparision","Sources/TwinCAT.OpenFramework.Comparision/Comparers/StandardComparers/DateComparer.TcPOU","True"
"TwinCAT_OpenFramework_Comparision","Sources/TwinCAT.OpenFramework.Comparision/Comparers/StandardComparers/DIntComparer.TcPOU","True"
"TwinCAT_OpenFramework_Comparision","Sources/TwinCAT.OpenFramework.Comparision/Comparers/StandardComparers/IntComparer.TcPOU","True"
"TwinCAT_OpenFramework_Comparision","Sources/TwinCAT.OpenFramework.Comparision/Comparers/StandardComparers/LDateAndTimeComparer.TcPOU","True"
"TwinCAT_OpenFramework_Comparision","Sources/TwinCAT.OpenFramework.Comparision/Comparers/StandardComparers/LIntComparer.TcPOU","True"
"TwinCAT_OpenFramework_Comparision","Sources/TwinCAT.OpenFramework.Comparision/Comparers/StandardComparers/LRealComparer.TcPOU","True"
"TwinCAT_OpenFramework_Comparision","Sources/TwinCAT.OpenFramework.Comparision/Comparers/StandardComparers/LTimeComparer.TcPOU","True"
"TwinCAT_OpenFramework_Comparision","Sources/TwinCAT.OpenFramework.Comparision/Comparers/StandardComparers/LTimeOfDayComparer.TcPOU","True"
"TwinCAT_OpenFramework_Comparision","Sources/TwinCAT.OpenFramework.Comparision/Comparers/StandardComparers/PointerComparer.TcPOU","True"
"TwinCAT_OpenFramework_Comparision","Sources/TwinCAT.OpenFramework.Comparision/Comparers/StandardComparers/RealComparer.TcPOU","True"
"TwinCAT_OpenFramework_Comparision","Sources/TwinCAT.OpenFramework.Comparision/Comparers/StandardComparers/SIntComparer.TcPOU","True"
"TwinCAT_OpenFramework_Comparision","Sources/TwinCAT.OpenFramework.Comparision/Comparers/StandardComparers/StringComparer.TcPOU","True"
"TwinCAT_OpenFramework_Comparision","Sources/TwinCAT.OpenFramework.Comparision/Comparers/StandardComparers/TimeComparer.TcPOU","True"
"TwinCAT_OpenFramework_Comparision","Sources/TwinCAT.OpenFramework.Comparision/Comparers/StandardComparers/TimeOfDayComparer.TcPOU","True"
"TwinCAT_OpenFramework_Comparision","Sources/TwinCAT.OpenFramework.Comparision/Comparers/StandardComparers/UDIntComparer.TcPOU","True"
"TwinCAT_OpenFramework_Comparision","Sources/TwinCAT.OpenFramework.Comparision/Comparers/StandardComparers/UIntComparer.TcPOU","True"
"TwinCAT_OpenFramework_Comparision","Sources/TwinCAT.OpenFramework.Comparision/Comparers/StandardComparers/ULIntComparer.TcPOU","True"
"TwinCAT_OpenFramework_Comparision","Sources/TwinCAT.OpenFramework.Comparision/Comparers/StandardComparers/USIntComparer.TcPOU","True"
"TwinCAT_OpenFramework_Comparision","Sources/TwinCAT.OpenFramework.Comparision/Comparers/StandardComparers/WStringComparer.TcPOU","True"
"TwinCAT_OpenFramework_Comparision","Sources/TwinCAT.OpenFramework.Comparision/Version/Global_Version.TcGVL","True"
"TwinCAT_OpenFramework_Core","Sources/TwinCAT.OpenFramework.Core/Interfaces/Comparision/IComparable.TcIO","True"
"TwinCAT_OpenFramework_Core","Sources/TwinCAT.OpenFramework.Core/Interfaces/Comparision/IComparer.TcIO","True"
"TwinCAT_OpenFramework_Core","Sources/TwinCAT.OpenFramework.Core/Interfaces/Comparision/IEquatable.TcIO","True"
"TwinCAT_OpenFramework_Core","Sources/TwinCAT.OpenFramework.Core/Interfaces/Comparision/IPredicate.TcIO","True"
"TwinCAT_OpenFramework_Core","Sources/TwinCAT.OpenFramework.Core/Interfaces/Enumeration/IEnumerable.TcIO","True"
"TwinCAT_OpenFramework_Core","Sources/TwinCAT.OpenFramework.Core/Interfaces/Enumeration/IEnumerator.TcIO","True"
"TwinCAT_OpenFramework_Core","Sources/TwinCAT.OpenFramework.Core/Interfaces/ICloneable.TcIO","True"
"TwinCAT_OpenFramework_Core","Sources/TwinCAT.OpenFramework.Core/Interfaces/IErrorProvider.TcIO","True"
"TwinCAT_OpenFramework_Core","Sources/TwinCAT.OpenFramework.Core/Interfaces/IExecutable.TcIO","True"
"TwinCAT_OpenFramework_Core","Sources/TwinCAT.OpenFramework.Core/Interfaces/IIOBindable.TcIO","True"
"TwinCAT_OpenFramework_Core","Sources/TwinCAT.OpenFramework.Core/Interfaces/INamed.TcIO","True"
"TwinCAT_OpenFramework_Core","Sources/TwinCAT.OpenFramework.Core/Interfaces/IObject.TcIO","True"
"TwinCAT_OpenFramework_Core","Sources/TwinCAT.OpenFramework.Core/Interfaces/Resources/IResourceManager.TcIO","True"
"TwinCAT_OpenFramework_Core","Sources/TwinCAT.OpenFramework.Core/Internal/CurrentNamespace.TcPOU","True"
"TwinCAT_OpenFramework_Core","Sources/TwinCAT.OpenFramework.Core/Internal/NamespaceExtractor.TcPOU","True"
"TwinCAT_OpenFramework_Core","Sources/TwinCAT.OpenFramework.Core/Objects/Actions/ActionPermissions/Policies/ActionPermissionsPolicies.TcPOU","True"
"TwinCAT_OpenFramework_Core","Sources/TwinCAT.OpenFramework.Core/Objects/Actions/ActionPermissions/Policies/AllowAllActionsPermissionsPolicy.TcPOU","True"
"TwinCAT_OpenFramework_Core","Sources/TwinCAT.OpenFramework.Core/Objects/Actions/ActionPermissions/Policies/DenyAllActionsPermissionsPolicy.TcPOU","True"
"TwinCAT_OpenFramework_Core","Sources/TwinCAT.OpenFramework.Core/Objects/Actions/ActionPermissions/Policies/IActionPermissionPolicy.TcIO","True"
"TwinCAT_OpenFramework_Core","Sources/TwinCAT.OpenFramework.Core/Objects/Actions/ActionPermissions/Providers/IActionPermissionProvider.TcIO","True"
"TwinCAT_OpenFramework_Core","Sources/TwinCAT.OpenFramework.Core/Objects/Actions/SimpleActionDescriptor.TcPOU","True"
"TwinCAT_OpenFramework_Core","Sources/TwinCAT.OpenFramework.Core/Objects/Events/Dispatchers/IBroadcastEventDispatcher.TcIO","True"
"TwinCAT_OpenFramework_Core","Sources/TwinCAT.OpenFramework.Core/Objects/Events/Dispatchers/IBubbleEventDispatcher.TcIO","True"
"TwinCAT_OpenFramework_Core","Sources/TwinCAT.OpenFramework.Core/Objects/Events/Dispatchers/IEventDispatcher.TcIO","True"
"TwinCAT_OpenFramework_Core","Sources/TwinCAT.OpenFramework.Core/Objects/Events/Event.TcPOU","True"
"TwinCAT_OpenFramework_Core","Sources/TwinCAT.OpenFramework.Core/Objects/Events/SimpleEvent.TcPOU","True"
"TwinCAT_OpenFramework_Core","Sources/TwinCAT.OpenFramework.Core/Objects/Events/IEvent.TcIO","True"
"TwinCAT_OpenFramework_Core","Sources/TwinCAT.OpenFramework.Core/Objects/Exceptions/Aggregate/AggregateException.TcPOU","True"
"TwinCAT_OpenFramework_Core","Sources/TwinCAT.OpenFramework.Core/Objects/Exceptions/Aggregate/IAggregateException.TcIO","True"
"TwinCAT_OpenFramework_Core","Sources/TwinCAT.OpenFramework.Core/Objects/Exceptions/Empty/EmptyException.TcPOU","True"
"TwinCAT_OpenFramework_Core","Sources/TwinCAT.OpenFramework.Core/Objects/Exceptions/Empty/IEmptyException.TcIO","True"
"TwinCAT_OpenFramework_Core","Sources/TwinCAT.OpenFramework.Core/Objects/Exceptions/Exception.TcPOU","True"
"TwinCAT_OpenFramework_Core","Sources/TwinCAT.OpenFramework.Core/Objects/Exceptions/ExceptionManager.TcPOU","True"
"TwinCAT_OpenFramework_Core","Sources/TwinCAT.OpenFramework.Core/Objects/Exceptions/Exceptions.TcPOU","True"
"TwinCAT_OpenFramework_Core","Sources/TwinCAT.OpenFramework.Core/Objects/Exceptions/General/Argument/NotSpecified/ArgumentNotSpecifiedException.TcPOU","True"
"TwinCAT_OpenFramework_Core","Sources/TwinCAT.OpenFramework.Core/Objects/Exceptions/General/Argument/NotSpecified/IArgumentNotSpecifiedException.TcIO","True"
"TwinCAT_OpenFramework_Core","Sources/TwinCAT.OpenFramework.Core/Objects/Exceptions/General/Argument/OutOfRange/ArgumentOutOfRangeException.TcPOU","True"
"TwinCAT_OpenFramework_Core","Sources/TwinCAT.OpenFramework.Core/Objects/Exceptions/General/Argument/OutOfRange/IArgumentOutOfRangeException.TcIO","True"
"TwinCAT_OpenFramework_Core","Sources/TwinCAT.OpenFramework.Core/Objects/Exceptions/General/Argument/TypeClassNotSupported/ArgumentTypeClassNotSupportedException.TcPOU","True"
"TwinCAT_OpenFramework_Core","Sources/TwinCAT.OpenFramework.Core/Objects/Exceptions/General/Argument/TypeClassNotSupported/IArgumentTypeClassNotSupportedException.TcIO","True"
"TwinCAT_OpenFramework_Core","Sources/TwinCAT.OpenFramework.Core/Objects/Exceptions/General/Argument/TypeNotSupported/ArgumentTypeNotSupportedException.TcPOU","True"
"TwinCAT_OpenFramework_Core","Sources/TwinCAT.OpenFramework.Core/Objects/Exceptions/General/Argument/TypeNotSupported/IArgumentTypeNotSupportedException.TcIO","True"
"TwinCAT_OpenFramework_Core","Sources/TwinCAT.OpenFramework.Core/Objects/Exceptions/General/Argument/ValueNotSupported/ArgumentValueNotSupportedException.TcPOU","True"
"TwinCAT_OpenFramework_Core","Sources/TwinCAT.OpenFramework.Core/Objects/Exceptions/General/Argument/ValueNotSupported/IArgumentValueNotSupportedException.TcIO","True"
"TwinCAT_OpenFramework_Core","Sources/TwinCAT.OpenFramework.Core/Objects/Exceptions/General/DataMember/NotSpecified/DataMemberNotSpecifiedException.TcPOU","True"
"TwinCAT_OpenFramework_Core","Sources/TwinCAT.OpenFramework.Core/Objects/Exceptions/General/DataMember/NotSpecified/IDataMemberNotSpecifiedException.TcIO","True"
"TwinCAT_OpenFramework_Core","Sources/TwinCAT.OpenFramework.Core/Objects/Exceptions/General/DataMember/OutOfRange/DataMemberOutOfRangeException.TcPOU","True"
"TwinCAT_OpenFramework_Core","Sources/TwinCAT.OpenFramework.Core/Objects/Exceptions/General/DataMember/OutOfRange/IDataMemberOutOfRangeException.TcIO","True"
"TwinCAT_OpenFramework_Core","Sources/TwinCAT.OpenFramework.Core/Objects/Exceptions/General/DataMember/TypeClassNotSupported/DataMemberTypeClassNotSupportedException.TcPOU","True"
"TwinCAT_OpenFramework_Core","Sources/TwinCAT.OpenFramework.Core/Objects/Exceptions/General/DataMember/TypeClassNotSupported/IDataMemberTypeClassNotSupportedException.TcIO","True"
"TwinCAT_OpenFramework_Core","Sources/TwinCAT.OpenFramework.Core/Objects/Exceptions/General/DataMember/TypeNotSupported/DataMemberTypeNotSupportedException.TcPOU","True"
"TwinCAT_OpenFramework_Core","Sources/TwinCAT.OpenFramework.Core/Objects/Exceptions/General/DataMember/TypeNotSupported/IDataMemberTypeNotSupportedException.TcIO","True"
"TwinCAT_OpenFramework_Core","Sources/TwinCAT.OpenFramework.Core/Objects/Exceptions/General/DataMember/ValueNotSupported/DataMemberValueNotSupportedException.TcPOU","True"
"TwinCAT_OpenFramework_Core","Sources/TwinCAT.OpenFramework.Core/Objects/Exceptions/General/DataMember/ValueNotSupported/IDataMemberValueNotSupportedException.TcIO","True"
"TwinCAT_OpenFramework_Core","Sources/TwinCAT.OpenFramework.Core/Objects/Exceptions/General/GeneralException.TcPOU","True"
"TwinCAT_OpenFramework_Core","Sources/TwinCAT.OpenFramework.Core/Objects/Exceptions/General/GenericValues/ConversionNotSupported/GenericConversionNotSupportedException.TcPOU","True"
"TwinCAT_OpenFramework_Core","Sources/TwinCAT.OpenFramework.Core/Objects/Exceptions/General/GenericValues/ConversionNotSupported/IGenericConversionNotSupportedException.TcIO","True"
"TwinCAT_OpenFramework_Core","Sources/TwinCAT.OpenFramework.Core/Objects/Exceptions/General/GenericValues/IncompartibleValueType/IIncompartibleGenericValueTypeException.TcIO","True"
"TwinCAT_OpenFramework_Core","Sources/TwinCAT.OpenFramework.Core/Objects/Exceptions/General/GenericValues/IncompartibleValueType/IncompartibleGenericValueTypeException.TcPOU","True"
"TwinCAT_OpenFramework_Core","Sources/TwinCAT.OpenFramework.Core/Objects/Exceptions/General/GenericValues/StringOwerflow/IStringOwerflowException.TcIO","True"
"TwinCAT_OpenFramework_Core","Sources/TwinCAT.OpenFramework.Core/Objects/Exceptions/General/GenericValues/StringOwerflow/StringOwerflowException.TcPOU","True"
"TwinCAT_OpenFramework_Core","Sources/TwinCAT.OpenFramework.Core/Objects/Exceptions/General/IGeneralException.TcIO","True"
"TwinCAT_OpenFramework_Core","Sources/TwinCAT.OpenFramework.Core/Objects/Exceptions/General/Initialization/ClassInitializationException.TcPOU","True"
"TwinCAT_OpenFramework_Core","Sources/TwinCAT.OpenFramework.Core/Objects/Exceptions/General/Initialization/IClassInitializationException.TcIO","True"
"TwinCAT_OpenFramework_Core","Sources/TwinCAT.OpenFramework.Core/Objects/Exceptions/General/Memory/CollectionEmpty/CollectionEmptyException.TcPOU","True"
"TwinCAT_OpenFramework_Core","Sources/TwinCAT.OpenFramework.Core/Objects/Exceptions/General/Memory/CollectionEmpty/ICollectionEmptyException.TcIO","True"
"TwinCAT_OpenFramework_Core","Sources/TwinCAT.OpenFramework.Core/Objects/Exceptions/General/Memory/StaticCollectionFull/IStaticCollectionFullException.TcIO","True"
"TwinCAT_OpenFramework_Core","Sources/TwinCAT.OpenFramework.Core/Objects/Exceptions/General/Memory/StaticCollectionFull/StaticCollectionFullException.TcPOU","True"
"TwinCAT_OpenFramework_Core","Sources/TwinCAT.OpenFramework.Core/Objects/Exceptions/General/Memory/TargetVariableMemoryOverflow/ITargetVariableMemoryOverflowException.TcIO","True"
"TwinCAT_OpenFramework_Core","Sources/TwinCAT.OpenFramework.Core/Objects/Exceptions/General/Memory/TargetVariableMemoryOverflow/TargetVariableMemoryOverflowException.TcPOU","True"
"TwinCAT_OpenFramework_Core","Sources/TwinCAT.OpenFramework.Core/Objects/Exceptions/General/NotImplemented/INotImplementedException.TcIO","True"
"TwinCAT_OpenFramework_Core","Sources/TwinCAT.OpenFramework.Core/Objects/Exceptions/General/NotImplemented/NotImplementedException.TcPOU","True"
"TwinCAT_OpenFramework_Core","Sources/TwinCAT.OpenFramework.Core/Objects/Exceptions/General/NotSupported/INotSupportedException.TcIO","True"
"TwinCAT_OpenFramework_Core","Sources/TwinCAT.OpenFramework.Core/Objects/Exceptions/General/NotSupported/NotSupportedException.TcPOU","True"
"TwinCAT_OpenFramework_Core","Sources/TwinCAT.OpenFramework.Core/Objects/Exceptions/General/NullReference/INullReferenceException.TcIO","True"
"TwinCAT_OpenFramework_Core","Sources/TwinCAT.OpenFramework.Core/Objects/Exceptions/General/NullReference/NullReferenceException.TcPOU","True"
"TwinCAT_OpenFramework_Core","Sources/TwinCAT.OpenFramework.Core/Objects/Exceptions/General/Standard/IStandardException.TcIO","True"
"TwinCAT_OpenFramework_Core","Sources/TwinCAT.OpenFramework.Core/Objects/Exceptions/General/Standard/StandardException.TcPOU","True"
"TwinCAT_OpenFramework_Core","Sources/TwinCAT.OpenFramework.Core/Objects/Exceptions/General/Timeout/ITimeoutException.TcIO","True"
"TwinCAT_OpenFramework_Core","Sources/TwinCAT.OpenFramework.Core/Objects/Exceptions/General/Timeout/TimeoutException.TcPOU","True"
"TwinCAT_OpenFramework_Core","Sources/TwinCAT.OpenFramework.Core/Objects/Exceptions/HandlingPolicies/ExceptionHandlingPolicies.TcPOU","True"
"TwinCAT_OpenFramework_Core","Sources/TwinCAT.OpenFramework.Core/Objects/Exceptions/HandlingPolicies/EXCEPTION_REACTION.TcDUT","True"
"TwinCAT_OpenFramework_Core","Sources/TwinCAT.OpenFramework.Core/Objects/Exceptions/HandlingPolicies/IExceptionHandlingPolicy.TcIO","True"
"TwinCAT_OpenFramework_Core","Sources/TwinCAT.OpenFramework.Core/Objects/Exceptions/HandlingPolicies/IgnoreExceptionHandlingPolicy.TcPOU","True"
"TwinCAT_OpenFramework_Core","Sources/TwinCAT.OpenFramework.Core/Objects/Exceptions/HandlingPolicies/SetErrorAndContinueExceptionHandlingPolicy.TcPOU","True"
"TwinCAT_OpenFramework_Core","Sources/TwinCAT.OpenFramework.Core/Objects/Exceptions/HandlingPolicies/SetErrorAndStopExceptionHandlingPolicy.TcPOU","True"
"TwinCAT_OpenFramework_Core","Sources/TwinCAT.OpenFramework.Core/Objects/Exceptions/IException.TcIO","True"
"TwinCAT_OpenFramework_Core","Sources/TwinCAT.OpenFramework.Core/Objects/Exceptions/IExceptionHandler.TcIO","True"
"TwinCAT_OpenFramework_Core","Sources/TwinCAT.OpenFramework.Core/Objects/Exceptions/IReadOnlyException.TcIO","True"
"TwinCAT_OpenFramework_Core","Sources/TwinCAT.OpenFramework.Core/Objects/Exceptions/System/ISystemException.TcIO","True"
"TwinCAT_OpenFramework_Core","Sources/TwinCAT.OpenFramework.Core/Objects/Exceptions/System/SystemException.TcPOU","True"
"TwinCAT_OpenFramework_Core","Sources/TwinCAT.OpenFramework.Core/Objects/Object.TcPOU","True"
"TwinCAT_OpenFramework_Core","Sources/TwinCAT.OpenFramework.Core/Objects/Objects.TcPOU","True"
"TwinCAT_OpenFramework_Core","Sources/TwinCAT.OpenFramework.Core/Primitives/DateAndTime/DateAndTimes.TcPOU","True"
"TwinCAT_OpenFramework_Core","Sources/TwinCAT.OpenFramework.Core/Primitives/DateAndTime/LongDateAndTimes.TcPOU","True"
"TwinCAT_OpenFramework_Core","Sources/TwinCAT.OpenFramework.Core/Primitives/Enums/COMPARISION_RESULT.TcDUT","True"
"TwinCAT_OpenFramework_Core","Sources/TwinCAT.OpenFramework.Core/Primitives/Enums/DIRECTION_TYPE.TcDUT","True"
"TwinCAT_OpenFramework_Core","Sources/TwinCAT.OpenFramework.Core/Primitives/Enums/ERROR_SEVERITY.TcDUT","True"
"TwinCAT_OpenFramework_Core","Sources/TwinCAT.OpenFramework.Core/Primitives/Enums/ERROR_SOURCE_DISPLAY_MODE.TcDUT","True"
"TwinCAT_OpenFramework_Core","Sources/TwinCAT.OpenFramework.Core/Primitives/Enums/GENERIC_TYPE_CLASS.TcDUT","True"
"TwinCAT_OpenFramework_Core","Sources/TwinCAT.OpenFramework.Core/Primitives/Enums/LOAD_STATE.TcDUT","True"
"TwinCAT_OpenFramework_Core","Sources/TwinCAT.OpenFramework.Core/Primitives/Enums/POINTER_TYPE.TcDUT","True"
"TwinCAT_OpenFramework_Core","Sources/TwinCAT.OpenFramework.Core/Primitives/Enums/SEARCH_DIRECTION.TcDUT","True"
"TwinCAT_OpenFramework_Core","Sources/TwinCAT.OpenFramework.Core/Primitives/Enums/SORT_DIRECTION.TcDUT","True"
"TwinCAT_OpenFramework_Core","Sources/TwinCAT.OpenFramework.Core/Primitives/Enums/TIMESTAMP_DISPLAY_MODE.TcDUT","True"
"TwinCAT_OpenFramework_Core","Sources/TwinCAT.OpenFramework.Core/Primitives/Enums/TRIM_MODE.TcDUT","True"
"TwinCAT_OpenFramework_Core","Sources/TwinCAT.OpenFramework.Core/Primitives/Errors/ERROR.TcPOU","True"
"TwinCAT_OpenFramework_Core","Sources/TwinCAT.OpenFramework.Core/Primitives/Errors/READ_ONLY_ERROR.TcPOU","True"
"TwinCAT_OpenFramework_Core","Sources/TwinCAT.OpenFramework.Core/Primitives/Generic/ValueValidator/GenericValueValidator.TcPOU","True"
"TwinCAT_OpenFramework_Core","Sources/TwinCAT.OpenFramework.Core/Primitives/Generic/ValueValidator/IGenericValueValidator.TcIO","True"
"TwinCAT_OpenFramework_Core","Sources/TwinCAT.OpenFramework.Core/Primitives/Generic/GenericValueFactory.TcPOU","True"
"TwinCAT_OpenFramework_Core","Sources/TwinCAT.OpenFramework.Core/Primitives/Generic/GENERIC_KEY_VALUE_PAIR.TcDUT","True"
"TwinCAT_OpenFramework_Core","Sources/TwinCAT.OpenFramework.Core/Primitives/Generic/GENERIC_MEMORY_MANAGEMENT_BEHAVIOR.TcDUT","True"
"TwinCAT_OpenFramework_Core","Sources/TwinCAT.OpenFramework.Core/Primitives/Integers/SignedInt16.TcPOU","True"
"TwinCAT_OpenFramework_Core","Sources/TwinCAT.OpenFramework.Core/Primitives/Integers/SignedInt32.TcPOU","True"
"TwinCAT_OpenFramework_Core","Sources/TwinCAT.OpenFramework.Core/Primitives/Integers/SignedInt64.TcPOU","True"
"TwinCAT_OpenFramework_Core","Sources/TwinCAT.OpenFramework.Core/Primitives/Integers/UsignedByte.TcPOU","True"
"TwinCAT_OpenFramework_Core","Sources/TwinCAT.OpenFramework.Core/Primitives/Integers/SignedByte.TcPOU","True"
"TwinCAT_OpenFramework_Core","Sources/TwinCAT.OpenFramework.Core/Primitives/Integers/UsignedInt16.TcPOU","True"
"TwinCAT_OpenFramework_Core","Sources/TwinCAT.OpenFramework.Core/Primitives/Integers/UsignedInt32.TcPOU","True"
"TwinCAT_OpenFramework_Core","Sources/TwinCAT.OpenFramework.Core/Primitives/Integers/UsignedInt64.TcPOU","True"
"TwinCAT_OpenFramework_Core","Sources/TwinCAT.OpenFramework.Core/Primitives/Bits.TcPOU","True"
"TwinCAT_OpenFramework_Core","Sources/TwinCAT.OpenFramework.Core/Primitives/Bytes.TcPOU","True"
"TwinCAT_OpenFramework_Core","Sources/TwinCAT.OpenFramework.Core/Primitives/Generic/GENERIC_VALUE.TcPOU","True"
"TwinCAT_OpenFramework_Core","Sources/TwinCAT.OpenFramework.Core/Primitives/Reals/LREAL_UNION.TcDUT","True"
"TwinCAT_OpenFramework_Core","Sources/TwinCAT.OpenFramework.Core/Primitives/Reals/Reals.TcPOU","True"
"TwinCAT_OpenFramework_Core","Sources/TwinCAT.OpenFramework.Core/Primitives/Reals/LongReals.TcPOU","True"
"TwinCAT_OpenFramework_Core","Sources/TwinCAT.OpenFramework.Core/Primitives/Reals/REAL_UNION.TcDUT","True"
"TwinCAT_OpenFramework_Core","Sources/TwinCAT.OpenFramework.Core/Primitives/Strings/StringSplittingEnumerator.TcPOU","True"
"TwinCAT_OpenFramework_Core","Sources/TwinCAT.OpenFramework.Core/Primitives/Strings/StringBuilder.TcPOU","True"
"TwinCAT_OpenFramework_Core","Sources/TwinCAT.OpenFramework.Core/Primitives/Strings/Strings.TcPOU","True"
"TwinCAT_OpenFramework_Core","Sources/TwinCAT.OpenFramework.Core/Primitives/GenericTypeClassConvertor.TcPOU","True"
"TwinCAT_OpenFramework_Core","Sources/TwinCAT.OpenFramework.Core/Primitives/Strings/WideStringBuilder.TcPOU","True"
"TwinCAT_OpenFramework_Core","Sources/TwinCAT.OpenFramework.Core/Primitives/Strings/WideStrings.TcPOU","True"
"TwinCAT_OpenFramework_Core","Sources/TwinCAT.OpenFramework.Core/Primitives/Strings/WideStringSplittingEnumerator.TcPOU","True"
"TwinCAT_OpenFramework_Core","Sources/TwinCAT.OpenFramework.Core/Primitives/SystemAnyTypes.TcPOU","True"
"TwinCAT_OpenFramework_Core","Sources/TwinCAT.OpenFramework.Core/Primitives/SystemTypeClassConvertor.TcPOU","True"
"TwinCAT_OpenFramework_Core","Sources/TwinCAT.OpenFramework.Core/Primitives/Times/LongTimes.TcPOU","True"
"TwinCAT_OpenFramework_Core","Sources/TwinCAT.OpenFramework.Core/Primitives/Times/Times.TcPOU","True"
"TwinCAT_OpenFramework_Core","Sources/TwinCAT.OpenFramework.Core/Primitives/TypeAliases/ERROR_MESSAGE.TcDUT","True"
"TwinCAT_OpenFramework_Core","Sources/TwinCAT.OpenFramework.Core/Primitives/TypeAliases/Indices/DINT_INDEX.TcDUT","True"
"TwinCAT_OpenFramework_Core","Sources/TwinCAT.OpenFramework.Core/Primitives/TypeAliases/Indices/INT_INDEX.TcDUT","True"
"TwinCAT_OpenFramework_Core","Sources/TwinCAT.OpenFramework.Core/Primitives/TypeAliases/JSON_DOCUMENT.TcDUT","True"
"TwinCAT_OpenFramework_Core","Sources/TwinCAT.OpenFramework.Core/Primitives/TypeAliases/Length/DINT_LENGTH.TcDUT","True"
"TwinCAT_OpenFramework_Core","Sources/TwinCAT.OpenFramework.Core/Primitives/TypeAliases/Length/INT_LENGTH.TcDUT","True"
"TwinCAT_OpenFramework_Core","Sources/TwinCAT.OpenFramework.Core/Primitives/Unions/UNIVERSAL_POINTER.TcDUT","True"
"TwinCAT_OpenFramework_Core","Sources/TwinCAT.OpenFramework.Core/Utilities/Debugging/ObjectStatistics.TcPOU","True"
"TwinCAT_OpenFramework_Core","Sources/TwinCAT.OpenFramework.Core/Utilities/Debugging/ObjectStatisticsSettings.TcGVL","True"
"TwinCAT_OpenFramework_Core","Sources/TwinCAT.OpenFramework.Core/Utilities/Debugging/OBJECT_STATISTICS.TcDUT","True"
"TwinCAT_OpenFramework_Core","Sources/TwinCAT.OpenFramework.Core/Utilities/Hysteresis/DeadbandHysteresis.TcPOU","True"
"TwinCAT_OpenFramework_Core","Sources/TwinCAT.OpenFramework.Core/Utilities/Hysteresis/HYSTERESIS_MODE.TcDUT","True"
"TwinCAT_OpenFramework_Core","Sources/TwinCAT.OpenFramework.Core/Utilities/Logging/AdsLogger.TcPOU","True"
"TwinCAT_OpenFramework_Core","Sources/TwinCAT.OpenFramework.Core/Utilities/Logging/ILogFilter.TcIO","True"
"TwinCAT_OpenFramework_Core","Sources/TwinCAT.OpenFramework.Core/Utilities/Logging/ILogger.TcIO","True"
"TwinCAT_OpenFramework_Core","Sources/TwinCAT.OpenFramework.Core/Utilities/Logging/LogManager.TcPOU","True"
"TwinCAT_OpenFramework_Core","Sources/TwinCAT.OpenFramework.Core/Utilities/Logging/LOG_CATEGORY.TcDUT","True"
"TwinCAT_OpenFramework_Core","Sources/TwinCAT.OpenFramework.Core/Utilities/Logging/LOG_MESSAGE_NUMBER_FORMAT.TcDUT","True"
"TwinCAT_OpenFramework_Core","Sources/TwinCAT.OpenFramework.Core/Utilities/Mathematics/Rounding.TcPOU","True"
"TwinCAT_OpenFramework_Core","Sources/TwinCAT.OpenFramework.Core/Utilities/Mathematics/Trigonometry.TcPOU","True"
"TwinCAT_OpenFramework_Core","Sources/TwinCAT.OpenFramework.Core/Utilities/Memory/AutoDisposeRegistrar.TcPOU","True"
"TwinCAT_OpenFramework_Core","Sources/TwinCAT.OpenFramework.Core/Utilities/Memory/DynamicMemoryManager.TcPOU","True"
"TwinCAT_OpenFramework_Core","Sources/TwinCAT.OpenFramework.Core/Utilities/Memory/Internal/MemoryCleanupHelper.TcPOU","True"
"TwinCAT_OpenFramework_Core","Sources/TwinCAT.OpenFramework.Core/Utilities/Memory/Memory.TcPOU","True"
"TwinCAT_OpenFramework_Core","Sources/TwinCAT.OpenFramework.Core/Utilities/Ramp/LinearRamp.TcPOU","True"
"TwinCAT_OpenFramework_Core","Sources/TwinCAT.OpenFramework.Core/Utilities/Random/Random.TcPOU","True"
"TwinCAT_OpenFramework_Core","Sources/TwinCAT.OpenFramework.Core/Utilities/Stopwatch/Stopwatch.TcPOU","True"
"TwinCAT_OpenFramework_Core","Sources/TwinCAT.OpenFramework.Core/Utilities/System.TcPOU","True"
"TwinCAT_OpenFramework_Core","Sources/TwinCAT.OpenFramework.Core/Version/Global_Version.TcGVL","True"
"TwinCAT_OpenFramework_Devices_IO","Sources/TwinCAT.OpenFramework.Devices.IO/Analog/Inputs/IReadOnlyAnalogAnalogInput.TcIO","True"
"TwinCAT_OpenFramework_Devices_IO","Sources/TwinCAT.OpenFramework.Devices.IO/Analog/Outputs/IReadOnlyAnalogOutput.TcIO","True"
"TwinCAT_OpenFramework_Devices_IO","Sources/TwinCAT.OpenFramework.Devices.IO/Analog/RawAnalogValues.TcPOU","True"
"TwinCAT_OpenFramework_Devices_IO","Sources/TwinCAT.OpenFramework.Devices.IO/Analog/RAW_ANALOG_VALUE.TcDUT","True"
"TwinCAT_OpenFramework_Devices_IO","Sources/TwinCAT.OpenFramework.Devices.IO/Analog/IAnalogValueConverter.TcIO","True"
"TwinCAT_OpenFramework_Devices_IO","Sources/TwinCAT.OpenFramework.Devices.IO/Analog/Inputs/AnalogInput.TcPOU","True"
"TwinCAT_OpenFramework_Devices_IO","Sources/TwinCAT.OpenFramework.Devices.IO/Analog/Inputs/ANALOG_INPUT_STATUS.TcPOU","True"
"TwinCAT_OpenFramework_Devices_IO","Sources/TwinCAT.OpenFramework.Devices.IO/Analog/Inputs/IAnalogInput.TcIO","True"
"TwinCAT_OpenFramework_Devices_IO","Sources/TwinCAT.OpenFramework.Devices.IO/Analog/Outputs/AnalogOutput.TcPOU","True"
"TwinCAT_OpenFramework_Devices_IO","Sources/TwinCAT.OpenFramework.Devices.IO/Analog/Outputs/IAnalogOutput.TcIO","True"
"TwinCAT_OpenFramework_Devices_IO","Sources/TwinCAT.OpenFramework.Devices.IO/Analog/RAW_ANALOG_VALUE_TYPE.TcDUT","True"
"TwinCAT_OpenFramework_Devices_IO","Sources/TwinCAT.OpenFramework.Devices.IO/Analog/StandardConverters/DirectAnalogValueConverter.TcPOU","True"
"TwinCAT_OpenFramework_Devices_IO","Sources/TwinCAT.OpenFramework.Devices.IO/Analog/StandardConverters/Range/AbstractRangeAnalogValueConverter.TcPOU","True"
"TwinCAT_OpenFramework_Devices_IO","Sources/TwinCAT.OpenFramework.Devices.IO/Analog/StandardConverters/Range/DynamicRangeAnalogValueConverter.TcPOU","True"
"TwinCAT_OpenFramework_Devices_IO","Sources/TwinCAT.OpenFramework.Devices.IO/Analog/StandardConverters/Range/StaticRangeAnalogValueConverter.TcPOU","True"
"TwinCAT_OpenFramework_Devices_IO","Sources/TwinCAT.OpenFramework.Devices.IO/CONTACT_TYPE.TcDUT","True"
"TwinCAT_OpenFramework_Devices_IO","Sources/TwinCAT.OpenFramework.Devices.IO/Digital/Input/DigitalInput.TcPOU","True"
"TwinCAT_OpenFramework_Devices_IO","Sources/TwinCAT.OpenFramework.Devices.IO/Digital/Input/IDigitalInput.TcIO","True"
"TwinCAT_OpenFramework_Devices_IO","Sources/TwinCAT.OpenFramework.Devices.IO/Digital/Input/IReadOnlyDigitalInput.TcIO","True"
"TwinCAT_OpenFramework_Devices_IO","Sources/TwinCAT.OpenFramework.Devices.IO/Digital/Output/DigitalOutput.TcPOU","True"
"TwinCAT_OpenFramework_Devices_IO","Sources/TwinCAT.OpenFramework.Devices.IO/Digital/Output/IReadOnlyDigitalOutput.TcIO","True"
"TwinCAT_OpenFramework_Devices_IO","Sources/TwinCAT.OpenFramework.Devices.IO/Digital/Output/IDigitalOutput.TcIO","True"
"TwinCAT_OpenFramework_Devices_IO","Sources/TwinCAT.OpenFramework.Devices.IO/Internal/CurrentNamespace.TcPOU","True"
"TwinCAT_OpenFramework_Devices_IO","Sources/TwinCAT.OpenFramework.Devices.IO/Internal/NamespaceExtractor.TcPOU","True"
"TwinCAT_OpenFramework_Devices_IO","Sources/TwinCAT.OpenFramework.Devices.IO/Version/Global_Version.TcGVL","True"
"TwinCAT_OpenFramework_EventLogger","Sources/TwinCAT.OpenFramework.EventLogger/EventLoggerMessage.TcPOU","True"
"TwinCAT_OpenFramework_EventLogger","Sources/TwinCAT.OpenFramework.EventLogger/Internal/CurrentNamespace.TcPOU","True"
"TwinCAT_OpenFramework_EventLogger","Sources/TwinCAT.OpenFramework.EventLogger/Internal/NamespaceExtractor.TcPOU","True"
"TwinCAT_OpenFramework_FileSystem","Sources/TwinCAT.OpenFramework.FileSystem/Exceptions/IInvalidPathException.TcIO","True"
"TwinCAT_OpenFramework_FileSystem","Sources/TwinCAT.OpenFramework.FileSystem/Exceptions/InvalidPathException.TcPOU","True"
"TwinCAT_OpenFramework_FileSystem","Sources/TwinCAT.OpenFramework.FileSystem/Internal/CurrentNamespace.TcPOU","True"
"TwinCAT_OpenFramework_FileSystem","Sources/TwinCAT.OpenFramework.FileSystem/Internal/NamespaceExtractor.TcPOU","True"
"TwinCAT_OpenFramework_FileSystem","Sources/TwinCAT.OpenFramework.FileSystem/PathHelper.TcPOU","True"
"TwinCAT_OpenFramework_FileSystem","Sources/TwinCAT.OpenFramework.FileSystem/Tasks/Directory/CreateDirectoryIfNotExists.TcPOU","True"
"TwinCAT_OpenFramework_FileSystem","Sources/TwinCAT.OpenFramework.FileSystem/Tasks/Directory/CreateDirectory.TcPOU","True"
"TwinCAT_OpenFramework_FileSystem","Sources/TwinCAT.OpenFramework.FileSystem/Tasks/Directory/RemoveEmptyDirectoryIfExists.TcPOU","True"
"TwinCAT_OpenFramework_FileSystem","Sources/TwinCAT.OpenFramework.FileSystem/Tasks/Directory/RemoveEmptyDirectory.TcPOU","True"
"TwinCAT_OpenFramework_FileSystem","Sources/TwinCAT.OpenFramework.FileSystem/Tasks/Directory/CheckDirectoryExists.TcPOU","True"
"TwinCAT_OpenFramework_FileSystem","Sources/TwinCAT.OpenFramework.FileSystem/Tasks/File/DeleteFile.TcPOU","True"
"TwinCAT_OpenFramework_FileSystem","Sources/TwinCAT.OpenFramework.FileSystem/Tasks/File/FileContent/FileContentManager.TcPOU","True"
"TwinCAT_OpenFramework_FileSystem","Sources/TwinCAT.OpenFramework.FileSystem/Tasks/File/FileContent/FileHandleResourceManager.TcPOU","True"
"TwinCAT_OpenFramework_FileSystem","Sources/TwinCAT.OpenFramework.FileSystem/Tasks/File/FileContent/FileHandleResource.TcPOU","True"
"TwinCAT_OpenFramework_FileSystem","Sources/TwinCAT.OpenFramework.FileSystem/Tasks/File/FileContent/Tasks/CheckEndOfFile.TcPOU","True"
"TwinCAT_OpenFramework_FileSystem","Sources/TwinCAT.OpenFramework.FileSystem/Tasks/File/FileContent/Tasks/FileContentTask.TcPOU","True"
"TwinCAT_OpenFramework_FileSystem","Sources/TwinCAT.OpenFramework.FileSystem/Tasks/File/FileContent/Tasks/GetPositionInFile.TcPOU","True"
"TwinCAT_OpenFramework_FileSystem","Sources/TwinCAT.OpenFramework.FileSystem/Tasks/File/FileContent/Tasks/IFileContentTask.TcIO","True"
"TwinCAT_OpenFramework_FileSystem","Sources/TwinCAT.OpenFramework.FileSystem/Tasks/File/FileContent/Tasks/ReadBytesFromFile.TcPOU","True"
"TwinCAT_OpenFramework_FileSystem","Sources/TwinCAT.OpenFramework.FileSystem/Tasks/File/FileContent/Tasks/ReadString255FromFile.TcPOU","True"
"TwinCAT_OpenFramework_FileSystem","Sources/TwinCAT.OpenFramework.FileSystem/Tasks/File/FileContent/Tasks/SetPositionInFile.TcPOU","True"
"TwinCAT_OpenFramework_FileSystem","Sources/TwinCAT.OpenFramework.FileSystem/Tasks/File/FileContent/Tasks/WriteBytesToFile.TcPOU","True"
"TwinCAT_OpenFramework_FileSystem","Sources/TwinCAT.OpenFramework.FileSystem/Tasks/File/FileContent/Tasks/WriteString255ToFile.TcPOU","True"
"TwinCAT_OpenFramework_FileSystem","Sources/TwinCAT.OpenFramework.FileSystem/Tasks/File/LoadFile.TcPOU","True"
"TwinCAT_OpenFramework_FileSystem","Sources/TwinCAT.OpenFramework.FileSystem/Tasks/File/RenameFile.TcPOU","True"
"TwinCAT_OpenFramework_FileSystem","Sources/TwinCAT.OpenFramework.FileSystem/Tasks/IFileSystemTask.TcIO","True"
"TwinCAT_OpenFramework_FileSystem","Sources/TwinCAT.OpenFramework.FileSystem/Version/Global_Version.TcGVL","True"
"TwinCAT_OpenFramework_IO_Models","Sources/TwinCAT.OpenFramework.IO.Models/AnalogIO/Inputs/ANALOG_INPUT_DINT_CHANNEL.TcDUT","True"
"TwinCAT_OpenFramework_IO_Models","Sources/TwinCAT.OpenFramework.IO.Models/AnalogIO/Inputs/ANALOG_INPUT_REAL_CHANNEL.TcDUT","True"
"TwinCAT_OpenFramework_IO_Models","Sources/TwinCAT.OpenFramework.IO.Models/AnalogIO/Inputs/ANALOG_INPUT_INT_CHANNEL.TcDUT","True"
"TwinCAT_OpenFramework_IO_Models","Sources/TwinCAT.OpenFramework.IO.Models/AnalogIO/Inputs/EL3002/EL3002.TcDUT","True"
"TwinCAT_OpenFramework_IO_Models","Sources/TwinCAT.OpenFramework.IO.Models/AnalogIO/Inputs/EL3002/EL3002_EX.TcDUT","True"
"TwinCAT_OpenFramework_IO_Models","Sources/TwinCAT.OpenFramework.IO.Models/AnalogIO/Inputs/EL3004/EL3004.TcDUT","True"
"TwinCAT_OpenFramework_IO_Models","Sources/TwinCAT.OpenFramework.IO.Models/AnalogIO/Inputs/EL3004/EL3004_EX.TcDUT","True"
"TwinCAT_OpenFramework_IO_Models","Sources/TwinCAT.OpenFramework.IO.Models/AnalogIO/Inputs/EL3008/EL3008.TcDUT","True"
"TwinCAT_OpenFramework_IO_Models","Sources/TwinCAT.OpenFramework.IO.Models/AnalogIO/Inputs/EL3008/EL3008_EX.TcDUT","True"
"TwinCAT_OpenFramework_IO_Models","Sources/TwinCAT.OpenFramework.IO.Models/AnalogIO/Inputs/EL3078/EL3078.TcDUT","True"
"TwinCAT_OpenFramework_IO_Models","Sources/TwinCAT.OpenFramework.IO.Models/AnalogIO/Inputs/EL3078/EL3078_EX.TcDUT","True"
"TwinCAT_OpenFramework_IO_Models","Sources/TwinCAT.OpenFramework.IO.Models/AnalogIO/Inputs/EL3001/EL3001.TcDUT","True"
"TwinCAT_OpenFramework_IO_Models","Sources/TwinCAT.OpenFramework.IO.Models/AnalogIO/Inputs/EL3001/EL3001_EX.TcDUT","True"
"TwinCAT_OpenFramework_IO_Models","Sources/TwinCAT.OpenFramework.IO.Models/AnalogIO/Outputs/EL4001/EL4001.TcDUT","True"
"TwinCAT_OpenFramework_IO_Models","Sources/TwinCAT.OpenFramework.IO.Models/AnalogIO/Outputs/EL4001/EL4001_EX.TcDUT","True"
"TwinCAT_OpenFramework_IO_Models","Sources/TwinCAT.OpenFramework.IO.Models/AnalogIO/Outputs/EL4002/EL4002.TcDUT","True"
"TwinCAT_OpenFramework_IO_Models","Sources/TwinCAT.OpenFramework.IO.Models/AnalogIO/Outputs/EL4002/EL4002_EX.TcDUT","True"
"TwinCAT_OpenFramework_IO_Models","Sources/TwinCAT.OpenFramework.IO.Models/AnalogIO/Outputs/EL4004/EL4004.TcDUT","True"
"TwinCAT_OpenFramework_IO_Models","Sources/TwinCAT.OpenFramework.IO.Models/AnalogIO/Outputs/EL4004/EL4004_EX.TcDUT","True"
"TwinCAT_OpenFramework_IO_Models","Sources/TwinCAT.OpenFramework.IO.Models/AnalogIO/Outputs/EL4008/EL4008.TcDUT","True"
"TwinCAT_OpenFramework_IO_Models","Sources/TwinCAT.OpenFramework.IO.Models/AnalogIO/Outputs/EL4008/EL4008_EX.TcDUT","True"
"TwinCAT_OpenFramework_IO_Models","Sources/TwinCAT.OpenFramework.IO.Models/DigitalIO/Inputs/EL1002/EL1002.TcDUT","True"
"TwinCAT_OpenFramework_IO_Models","Sources/TwinCAT.OpenFramework.IO.Models/DigitalIO/Inputs/EL1002/EL1002_EX.TcDUT","True"
"TwinCAT_OpenFramework_IO_Models","Sources/TwinCAT.OpenFramework.IO.Models/DigitalIO/Inputs/EL1004/EL1004.TcDUT","True"
"TwinCAT_OpenFramework_IO_Models","Sources/TwinCAT.OpenFramework.IO.Models/DigitalIO/Inputs/EL1004/EL1004_EX.TcDUT","True"
"TwinCAT_OpenFramework_IO_Models","Sources/TwinCAT.OpenFramework.IO.Models/DigitalIO/Inputs/EL1018/EL1018_EX.TcDUT","True"
"TwinCAT_OpenFramework_IO_Models","Sources/TwinCAT.OpenFramework.IO.Models/DigitalIO/Inputs/EL1018/EL1018.TcDUT","True"
"TwinCAT_OpenFramework_IO_Models","Sources/TwinCAT.OpenFramework.IO.Models/DigitalIO/Inputs/EL1809/EL1809.TcDUT","True"
"TwinCAT_OpenFramework_IO_Models","Sources/TwinCAT.OpenFramework.IO.Models/DigitalIO/Inputs/EL1809/EL1809_EX.TcDUT","True"
"TwinCAT_OpenFramework_IO_Models","Sources/TwinCAT.OpenFramework.IO.Models/DigitalIO/Outputs/EL2008/EL2008.TcDUT","True"
"TwinCAT_OpenFramework_IO_Models","Sources/TwinCAT.OpenFramework.IO.Models/DigitalIO/Outputs/EL2008/EL2008_EX.TcDUT","True"
"TwinCAT_OpenFramework_IO_Models","Sources/TwinCAT.OpenFramework.IO.Models/DigitalIO/Outputs/EL2002/EL2002.TcDUT","True"
"TwinCAT_OpenFramework_IO_Models","Sources/TwinCAT.OpenFramework.IO.Models/DigitalIO/Outputs/EL2002/EL2002_EX.TcDUT","True"
"TwinCAT_OpenFramework_IO_Models","Sources/TwinCAT.OpenFramework.IO.Models/DigitalIO/Outputs/EL2004/EL2004.TcDUT","True"
"TwinCAT_OpenFramework_IO_Models","Sources/TwinCAT.OpenFramework.IO.Models/DigitalIO/Outputs/EL2004/EL2004_EX.TcDUT","True"
"TwinCAT_OpenFramework_IO_Models","Sources/TwinCAT.OpenFramework.IO.Models/DigitalIO/Outputs/EL2409/EL2409.TcDUT","True"
"TwinCAT_OpenFramework_IO_Models","Sources/TwinCAT.OpenFramework.IO.Models/DigitalIO/Outputs/EL2409/EL2409_EX.TcDUT","True"
"TwinCAT_OpenFramework_IO_Models","Sources/TwinCAT.OpenFramework.IO.Models/Internal/CurrentNamespace.TcPOU","True"
"TwinCAT_OpenFramework_IO_Models","Sources/TwinCAT.OpenFramework.IO.Models/Internal/NamespaceExtractor.TcPOU","True"
"TwinCAT_OpenFramework_IO_Models","Sources/TwinCAT.OpenFramework.IO.Models/Serial/EL6022/EL6022.TcDUT","True"
"TwinCAT_OpenFramework_IO_Models","Sources/TwinCAT.OpenFramework.IO.Models/Serial/EL6022/EL6022_CHANNEL.TcDUT","True"
"TwinCAT_OpenFramework_IO_Models","Sources/TwinCAT.OpenFramework.IO.Models/Serial/EL6022/EL6022_EX.TcDUT","True"
"TwinCAT_OpenFramework_IO_Models","Sources/TwinCAT.OpenFramework.IO.Models/Serial/EL6xxx22ByteInData.TcDUT","True"
"TwinCAT_OpenFramework_IO_Models","Sources/TwinCAT.OpenFramework.IO.Models/Serial/EL6xxx22ByteOutData.TcDUT","True"
"TwinCAT_OpenFramework_IO_Models","Sources/TwinCAT.OpenFramework.IO.Models/Version/Global_Version.TcGVL","True"
"TwinCAT_OpenFramework_JSON","Sources/TwinCAT.OpenFramework.JSON/IJsonExtender.TcIO","True"
"TwinCAT_OpenFramework_JSON","Sources/TwinCAT.OpenFramework.JSON/AutomaticJsonSerializer.TcPOU","True"
"TwinCAT_OpenFramework_JSON","Sources/TwinCAT.OpenFramework.JSON/Internal/CurrentNamespace.TcPOU","True"
"TwinCAT_OpenFramework_JSON","Sources/TwinCAT.OpenFramework.JSON/Internal/NamespaceExtractor.TcPOU","True"
"TwinCAT_OpenFramework_JSON","Sources/TwinCAT.OpenFramework.JSON/Version/Global_Version.TcGVL","True"
"TwinCAT_OpenFramework_Loggers","Sources/TwinCAT.OpenFramework.Loggers/EventLogger/EventLogger.TcPOU","True"
"TwinCAT_OpenFramework_Loggers","Sources/TwinCAT.OpenFramework.Loggers/FileLogger/SimpleTextFileLogger.TcPOU","True"
"TwinCAT_OpenFramework_Loggers","Sources/TwinCAT.OpenFramework.Loggers/FileLogger/SIMPLE_TEXT_FILE_LOGGER_STATE.TcDUT","True"
"TwinCAT_OpenFramework_Loggers","Sources/TwinCAT.OpenFramework.Loggers/Internal/CurrentNamespace.TcPOU","True"
"TwinCAT_OpenFramework_Loggers","Sources/TwinCAT.OpenFramework.Loggers/Internal/NamespaceExtractor.TcPOU","True"
"TwinCAT_OpenFramework_Loggers","Sources/TwinCAT.OpenFramework.Loggers/Version/Global_Version.TcGVL","True"
"TwinCAT_OpenFramework_Samples","Sources/TwinCAT.OpenFramework.Samples/Intersection/IntersectionController/DemoExceptionGenerator/ExceptionHandlingPolicy/DemoExceptionHandlingPolicy.TcPOU","True"
"TwinCAT_OpenFramework_Samples","Sources/TwinCAT.OpenFramework.Samples/Intersection/IntersectionController/DemoExceptionGenerator/Exception/DemoException.TcPOU","True"
"TwinCAT_OpenFramework_Samples","Sources/TwinCAT.OpenFramework.Samples/Intersection/IntersectionController/DemoExceptionGenerator/Exception/IDemoException.TcIO","True"
"TwinCAT_OpenFramework_Samples","Sources/TwinCAT.OpenFramework.Samples/Intersection/IntersectionController/TrafficLight/ActionDescriptors/ITrySetLightActionDescriptor.TcIO","True"
"TwinCAT_OpenFramework_Samples","Sources/TwinCAT.OpenFramework.Samples/Intersection/IntersectionController/TrafficLight/ActionDescriptors/TrySetLightActionDescriptor.TcPOU","True"
"TwinCAT_OpenFramework_Samples","Sources/TwinCAT.OpenFramework.Samples/Intersection/SPEED_CORRECTION_PERCENT.TcDUT","True"
"TwinCAT_OpenFramework_Samples","Sources/TwinCAT.OpenFramework.Samples/Intersection/HmiFacade/HmiIntersectionController.TcPOU","True"
"TwinCAT_OpenFramework_Samples","Sources/TwinCAT.OpenFramework.Samples/Intersection/HmiFacade/HMI_INTERSECTION_CONTROLLER_COMMANDS.TcDUT","True"
"TwinCAT_OpenFramework_Samples","Sources/TwinCAT.OpenFramework.Samples/Intersection/HmiFacade/HMI_INTERSECTION_CONTROLLER_STATUSES.TcDUT","True"
"TwinCAT_OpenFramework_Samples","Sources/TwinCAT.OpenFramework.Samples/Intersection/HmiFacade/TrafficLight/HmiTrafficLight.TcPOU","True"
"TwinCAT_OpenFramework_Samples","Sources/TwinCAT.OpenFramework.Samples/Intersection/HmiFacade/TrafficLight/HMI_TRAFFIC_LIGHT_STATUSES.TcDUT","True"
"TwinCAT_OpenFramework_Samples","Sources/TwinCAT.OpenFramework.Samples/Intersection/Intersection.TcVIS","True"
"TwinCAT_OpenFramework_Samples","Sources/TwinCAT.OpenFramework.Samples/Intersection/IntersectionConstants.TcGVL","True"
"TwinCAT_OpenFramework_Samples","Sources/TwinCAT.OpenFramework.Samples/Intersection/IntersectionController/TrafficLight/ITrafficLight.TcIO","True"
"TwinCAT_OpenFramework_Samples","Sources/TwinCAT.OpenFramework.Samples/Intersection/IntersectionController/DemoExceptionGenerator/IDemoExceptionGenerator.TcIO","True"
"TwinCAT_OpenFramework_Samples","Sources/TwinCAT.OpenFramework.Samples/Intersection/IntersectionController/DemoExceptionGenerator/DemoExceptionGenerator.TcPOU","True"
"TwinCAT_OpenFramework_Samples","Sources/TwinCAT.OpenFramework.Samples/Intersection/IntersectionController/IIntersectionController.TcIO","True"
"TwinCAT_OpenFramework_Samples","Sources/TwinCAT.OpenFramework.Samples/Intersection/IntersectionController/IntersectionController.TcPOU","True"
"TwinCAT_OpenFramework_Samples","Sources/TwinCAT.OpenFramework.Samples/Intersection/IntersectionController/INTERSECTION_MODE.TcDUT","True"
"TwinCAT_OpenFramework_Samples","Sources/TwinCAT.OpenFramework.Samples/Intersection/IntersectionController/INTERSECTION_LIGHTS_STATE.TcDUT","True"
"TwinCAT_OpenFramework_Samples","Sources/TwinCAT.OpenFramework.Samples/Intersection/IntersectionController/TrafficLight/IReadOnlyTrafficLight.TcIO","True"
"TwinCAT_OpenFramework_Samples","Sources/TwinCAT.OpenFramework.Samples/Intersection/IntersectionController/TrafficLight/TrafficLight.TcPOU","True"
"TwinCAT_OpenFramework_Samples","Sources/TwinCAT.OpenFramework.Samples/Intersection/IntersectionController/TrafficLight/TrafficLight.TcVIS","True"
"TwinCAT_OpenFramework_Samples","Sources/TwinCAT.OpenFramework.Samples/Intersection/IntersectionController/TrafficLight/TRAFFIC_LIGHT_COLOR.TcDUT","True"
"TwinCAT_OpenFramework_Samples","Sources/TwinCAT.OpenFramework.Samples/LogFilter.TcPOU","True"
"TwinCAT_OpenFramework_Samples","Sources/TwinCAT.OpenFramework.Samples/CurrentNamespace.TcGVL","True"
"TwinCAT_OpenFramework_Samples","Sources/TwinCAT.OpenFramework.Samples/GlobalTextList.TcGTLO","True"
"TwinCAT_OpenFramework_Samples","Sources/TwinCAT.OpenFramework.Samples/ImagePool.TcIPO","True"
"TwinCAT_OpenFramework_Samples","Sources/TwinCAT.OpenFramework.Samples/MAIN.TcPOU","True"
"TwinCAT_OpenFramework_Samples","Sources/TwinCAT.OpenFramework.Samples/MainVisualization.TcVIS","True"
"TwinCAT_OpenFramework_Samples","Sources/TwinCAT.OpenFramework.Samples/PlcTask.TcTTO","True"
"TwinCAT_OpenFramework_Samples","Sources/TwinCAT.OpenFramework.Samples/Intersection/TerminalModels.TcPOU","True"
"TwinCAT_OpenFramework_Samples","Sources/TwinCAT.OpenFramework.Samples/Version/Global_Version.TcGVL","True"
"TwinCAT_OpenFramework_Samples","Sources/TwinCAT.OpenFramework.Samples/Visualization Manager.TcVMO","True"
"TwinCAT_OpenFramework_Samples","Sources/TwinCAT.OpenFramework.Samples/Workflow/Classes/DemoWorkflow.TcPOU","True"
"TwinCAT_OpenFramework_Samples","Sources/TwinCAT.OpenFramework.Samples/Workflow/Classes/DemoWorkflowController.TcPOU","True"
"TwinCAT_OpenFramework_Samples","Sources/TwinCAT.OpenFramework.Samples/Workflow/Classes/MoveFromToActivity/IMoveFromToActivity.TcIO","True"
"TwinCAT_OpenFramework_Samples","Sources/TwinCAT.OpenFramework.Samples/Workflow/Classes/MoveFromToActivity/MoveFromToActivity.TcPOU","True"
"TwinCAT_OpenFramework_Samples","Sources/TwinCAT.OpenFramework.Samples/Workflow/Visualization/Workflow.TcVIS","True"
"TwinCAT_OpenFramework_Tasks","Sources/TwinCAT.OpenFramework.Tasks/Internal/CurrentNamespace.TcPOU","True"
"TwinCAT_OpenFramework_Tasks","Sources/TwinCAT.OpenFramework.Tasks/Internal/NamespaceExtractor.TcPOU","True"
"TwinCAT_OpenFramework_Tasks","Sources/TwinCAT.OpenFramework.Tasks/TaskQueue/StandardTaskQueue.TcPOU","True"
"TwinCAT_OpenFramework_Tasks","Sources/TwinCAT.OpenFramework.Tasks/TaskQueue/TaskQueue.TcPOU","True"
"TwinCAT_OpenFramework_Tasks","Sources/TwinCAT.OpenFramework.Tasks/Task/Enums/TASK_PROCESSING_STATE.TcDUT","True"
"TwinCAT_OpenFramework_Tasks","Sources/TwinCAT.OpenFramework.Tasks/Task/Enums/TASK_RUNNING_SUBSTATE.TcDUT","True"
"TwinCAT_OpenFramework_Tasks","Sources/TwinCAT.OpenFramework.Tasks/Task/Enums/TASK_STATE.TcDUT","True"
"TwinCAT_OpenFramework_Tasks","Sources/TwinCAT.OpenFramework.Tasks/Task/Enums/TASK_STOP_REASON.TcDUT","True"
"TwinCAT_OpenFramework_Tasks","Sources/TwinCAT.OpenFramework.Tasks/Task/ITask.TcIO","True"
"TwinCAT_OpenFramework_Tasks","Sources/TwinCAT.OpenFramework.Tasks/Task/SubObjects/TaskRunningSubstate.TcPOU","True"
"TwinCAT_OpenFramework_Tasks","Sources/TwinCAT.OpenFramework.Tasks/Task/SubObjects/TaskState.TcPOU","True"
"TwinCAT_OpenFramework_Tasks","Sources/TwinCAT.OpenFramework.Tasks/Task/SubObjects/TaskStopReason.TcPOU","True"
"TwinCAT_OpenFramework_Tasks","Sources/TwinCAT.OpenFramework.Tasks/Task/Task.TcPOU","True"
"TwinCAT_OpenFramework_Tasks","Sources/TwinCAT.OpenFramework.Tasks/Version/Global_Version.TcGVL","True"
"TwinCAT_OpenFramework_Temporary","Sources/TwinCAT.OpenFramework.Temporary/Communication/ADS/AdsCommunicationSettings.TcPOU","True"
"TwinCAT_OpenFramework_Temporary","Sources/TwinCAT.OpenFramework.Temporary/Communication/ADS/AdsCommunicator.TcPOU","True"
"TwinCAT_OpenFramework_Temporary","Sources/TwinCAT.OpenFramework.Temporary/Communication/ADS/ADS_COMMUNICATOR_STATE.TcDUT","True"
"TwinCAT_OpenFramework_Temporary","Sources/TwinCAT.OpenFramework.Temporary/Communication/ADS/ADS_REQUEST_ITEM.TcDUT","True"
"TwinCAT_OpenFramework_Temporary","Sources/TwinCAT.OpenFramework.Temporary/Communication/CommunicationSettings.TcPOU","True"
"TwinCAT_OpenFramework_Temporary","Sources/TwinCAT.OpenFramework.Temporary/Communication/Communicator.TcPOU","True"
"TwinCAT_OpenFramework_Temporary","Sources/TwinCAT.OpenFramework.Temporary/Communication/CommunicatorSFC.TcPOU","True"
"TwinCAT_OpenFramework_Temporary","Sources/TwinCAT.OpenFramework.Temporary/Communication/CurrentNamespace_1.TcGVL","True"
"TwinCAT_OpenFramework_Temporary","Sources/TwinCAT.OpenFramework.Temporary/Communication/OPC_UA/OpcUaCommunicationSettings.TcPOU","True"
"TwinCAT_OpenFramework_Temporary","Sources/TwinCAT.OpenFramework.Temporary/Communication/OPC_UA/OpcUaCommunicator.TcPOU","True"
"TwinCAT_OpenFramework_Temporary","Sources/TwinCAT.OpenFramework.Temporary/Communication/OPC_UA/OpcUaHelper.TcPOU","True"
"TwinCAT_OpenFramework_Temporary","Sources/TwinCAT.OpenFramework.Temporary/Communication/OPC_UA/OPC_UA_ACTION_EXECUTION_STATE.TcDUT","True"
"TwinCAT_OpenFramework_Temporary","Sources/TwinCAT.OpenFramework.Temporary/Communication/OPC_UA/OPC_UA_COMMUNICATOR_STATE.TcDUT","True"
"TwinCAT_OpenFramework_Temporary","Sources/TwinCAT.OpenFramework.Temporary/Communication/OPC_UA/RequestItems/OpcUaDAReadRequestItem.TcPOU","True"
"TwinCAT_OpenFramework_Temporary","Sources/TwinCAT.OpenFramework.Temporary/Communication/OPC_UA/RequestItems/OpcUaDARequestItem.TcPOU","True"
"TwinCAT_OpenFramework_Temporary","Sources/TwinCAT.OpenFramework.Temporary/Communication/OPC_UA/RequestItems/OpcUaDAWriteRequestItem.TcPOU","True"
"TwinCAT_OpenFramework_Temporary","Sources/TwinCAT.OpenFramework.Temporary/Communication/OPC_UA/RequestItems/OpcUaMethodCallRequestItem.TcPOU","True"
"TwinCAT_OpenFramework_Temporary","Sources/TwinCAT.OpenFramework.Temporary/Communication/OPC_UA/RequestItems/OpcUaRequestItem.TcPOU","True"
"TwinCAT_OpenFramework_Temporary","Sources/TwinCAT.OpenFramework.Temporary/Communication/OPC_UA/RequestItems/OPC_UA_OUTPUT_ARGUMENT_INFO_AND_DATA.TcDUT","True"
"TwinCAT_OpenFramework_Temporary","Sources/TwinCAT.OpenFramework.Temporary/Communication/S7/GetStringSizeForS7Comm.TcPOU","True"
"TwinCAT_OpenFramework_Temporary","Sources/TwinCAT.OpenFramework.Temporary/Communication/S7/S7CommunicationSettings.TcPOU","True"
"TwinCAT_OpenFramework_Temporary","Sources/TwinCAT.OpenFramework.Temporary/Communication/S7/S7Communicator.TcPOU","True"
"TwinCAT_OpenFramework_Temporary","Sources/TwinCAT.OpenFramework.Temporary/Communication/S7/S7_COMMUNICATOR_STATE.TcDUT","True"
"TwinCAT_OpenFramework_Temporary","Sources/TwinCAT.OpenFramework.Temporary/Communication/S7/S7_VARIABLE.TcDUT","True"
"TwinCAT_OpenFramework_Temporary","Sources/TwinCAT.OpenFramework.Temporary/Database/Command/DbCommandExecutor.TcPOU","True"
"TwinCAT_OpenFramework_Temporary","Sources/TwinCAT.OpenFramework.Temporary/Database/Command/DB_COMMAND_DISCONNECTING_STATE.TcDUT","True"
"TwinCAT_OpenFramework_Temporary","Sources/TwinCAT.OpenFramework.Temporary/Database/Command/DB_COMMAND_EXECUTION_PARAMETERS.TcDUT","True"
"TwinCAT_OpenFramework_Temporary","Sources/TwinCAT.OpenFramework.Temporary/Database/Command/DB_COMMAND_EXECUTION_STATE.TcDUT","True"
"TwinCAT_OpenFramework_Temporary","Sources/TwinCAT.OpenFramework.Temporary/Database/CurrentNamespace.TcGVL","True"
"TwinCAT_OpenFramework_Temporary","Sources/TwinCAT.OpenFramework.Temporary/Database/StoredProcedure/DbProcedureExecutor.TcPOU","True"
"TwinCAT_OpenFramework_Temporary","Sources/TwinCAT.OpenFramework.Temporary/Database/StoredProcedure/DB_PROCEDURE_DISCONNECTING_STATE.TcDUT","True"
"TwinCAT_OpenFramework_Temporary","Sources/TwinCAT.OpenFramework.Temporary/Database/StoredProcedure/DB_PROCEDURE_EXECUTION_STATE.TcDUT","True"
"TwinCAT_OpenFramework_Temporary","Sources/TwinCAT.OpenFramework.Temporary/Database/StoredProcedure/DB_ROCEDURE_EXECUTION_PARAMETERS.TcDUT","True"
"TwinCAT_OpenFramework_Temporary","Sources/TwinCAT.OpenFramework.Temporary/StateMachine/Finite/FiniteStateMachine.TcPOU","True"
"TwinCAT_OpenFramework_Temporary","Sources/TwinCAT.OpenFramework.Temporary/StateMachine/Finite/ProgramState.TcPOU","True"
"TwinCAT_OpenFramework_Temporary","Sources/TwinCAT.OpenFramework.Temporary/StateMachine/Finite/ProgramTransition.TcPOU","True"
"TwinCAT_OpenFramework_Temporary","Sources/TwinCAT.OpenFramework.Temporary/StateMachine/ProgramConstants.TcGVL","True"
"TwinCAT_OpenFramework_Temporary","Sources/TwinCAT.OpenFramework.Temporary/StateMachine/Program/ProgramStateMachine.TcPOU","True"
"TwinCAT_OpenFramework_Temporary","Sources/TwinCAT.OpenFramework.Temporary/StateMachine/Program/States/HaltedProgramState.TcPOU","True"
"TwinCAT_OpenFramework_Temporary","Sources/TwinCAT.OpenFramework.Temporary/StateMachine/Program/States/ReadyProgramState.TcPOU","True"
"TwinCAT_OpenFramework_Temporary","Sources/TwinCAT.OpenFramework.Temporary/StateMachine/Program/States/RunningProgramState.TcPOU","True"
"TwinCAT_OpenFramework_Temporary","Sources/TwinCAT.OpenFramework.Temporary/StateMachine/Program/States/SuspendedProgramState.TcPOU","True"
"TwinCAT_OpenFramework_Temporary","Sources/TwinCAT.OpenFramework.Temporary/StateMachine/Program/Transitions/HaltedToReadyProgramTransition.TcPOU","True"
"TwinCAT_OpenFramework_Temporary","Sources/TwinCAT.OpenFramework.Temporary/StateMachine/Program/Transitions/ReadyToHaltedProgramTransition.TcPOU","True"
"TwinCAT_OpenFramework_Temporary","Sources/TwinCAT.OpenFramework.Temporary/StateMachine/Program/Transitions/ReadyToRunningProgramTransition.TcPOU","True"
"TwinCAT_OpenFramework_Temporary","Sources/TwinCAT.OpenFramework.Temporary/StateMachine/Program/Transitions/RunningToHaltedProgramTransition.TcPOU","True"
"TwinCAT_OpenFramework_Temporary","Sources/TwinCAT.OpenFramework.Temporary/StateMachine/Program/Transitions/RunningToReadyProgramTransition.TcPOU","True"
"TwinCAT_OpenFramework_Temporary","Sources/TwinCAT.OpenFramework.Temporary/StateMachine/Program/Transitions/RunningToSuspendedProgramTransition.TcPOU","True"
"TwinCAT_OpenFramework_Temporary","Sources/TwinCAT.OpenFramework.Temporary/StateMachine/Program/Transitions/SuspendedToHaltedProgramTransition.TcPOU","True"
"TwinCAT_OpenFramework_Temporary","Sources/TwinCAT.OpenFramework.Temporary/StateMachine/Program/Transitions/SuspendedToReadyProgramTransition.TcPOU","True"
"TwinCAT_OpenFramework_Temporary","Sources/TwinCAT.OpenFramework.Temporary/StateMachine/Program/Transitions/SuspendedToRunningProgramTransition.TcPOU","True"
"TwinCAT_OpenFramework_Temporary","Sources/TwinCAT.OpenFramework.Temporary/StateMachine/UnifiedProgram/States/HaltedUnifiedProgramState.TcPOU","True"
"TwinCAT_OpenFramework_Temporary","Sources/TwinCAT.OpenFramework.Temporary/StateMachine/UnifiedProgram/States/ReadyUnifiedProgramState.TcPOU","True"
"TwinCAT_OpenFramework_Temporary","Sources/TwinCAT.OpenFramework.Temporary/StateMachine/UnifiedProgram/States/RunningUnifiedProgramState.TcPOU","True"
"TwinCAT_OpenFramework_Temporary","Sources/TwinCAT.OpenFramework.Temporary/StateMachine/UnifiedProgram/States/SuspendedUnifiedProgramState.TcPOU","True"
"TwinCAT_OpenFramework_Temporary","Sources/TwinCAT.OpenFramework.Temporary/StateMachine/UnifiedProgram/StepModels/UnifiedProgramExecutedStep.TcPOU","True"
"TwinCAT_OpenFramework_Temporary","Sources/TwinCAT.OpenFramework.Temporary/StateMachine/UnifiedProgram/StepModels/UnifiedProgramExecutedStepAction.TcPOU","True"
"TwinCAT_OpenFramework_Temporary","Sources/TwinCAT.OpenFramework.Temporary/StateMachine/UnifiedProgram/StepModels/UnifiedProgramExecutedStepHelper.TcPOU","True"
"TwinCAT_OpenFramework_Temporary","Sources/TwinCAT.OpenFramework.Temporary/StateMachine/UnifiedProgram/StepModels/UnifiedProgramExecutedStepTransition.TcPOU","True"
"TwinCAT_OpenFramework_Temporary","Sources/TwinCAT.OpenFramework.Temporary/StateMachine/UnifiedProgram/StepModels/UnifiedProgramExecutedStepTransitionCondition.TcPOU","True"
"TwinCAT_OpenFramework_Temporary","Sources/TwinCAT.OpenFramework.Temporary/StateMachine/UnifiedProgram/Steps/UNIFIED_PROGRAM_CONFIGURATION.TcDUT","True"
"TwinCAT_OpenFramework_Temporary","Sources/TwinCAT.OpenFramework.Temporary/StateMachine/UnifiedProgram/Steps/UNIFIED_PROGRAM_EXECUTED_STEP.TcDUT","True"
"TwinCAT_OpenFramework_Temporary","Sources/TwinCAT.OpenFramework.Temporary/StateMachine/UnifiedProgram/Steps/UNIFIED_PROGRAM_STEP.TcDUT","True"
"TwinCAT_OpenFramework_Temporary","Sources/TwinCAT.OpenFramework.Temporary/StateMachine/UnifiedProgram/Steps/UNIFIED_PROGRAM_STEP_ACTION.TcDUT","True"
"TwinCAT_OpenFramework_Temporary","Sources/TwinCAT.OpenFramework.Temporary/StateMachine/UnifiedProgram/Steps/UNIFIED_PROGRAM_STEP_TRANSITION.TcDUT","True"
"TwinCAT_OpenFramework_Temporary","Sources/TwinCAT.OpenFramework.Temporary/StateMachine/UnifiedProgram/Steps/UNIFIED_PROGRAM_STEP_TRANSITION_CONDITION.TcDUT","True"
"TwinCAT_OpenFramework_Temporary","Sources/TwinCAT.OpenFramework.Temporary/StateMachine/UnifiedProgram/Transitions/HaltedToReadyUnifiedProgramTransition.TcPOU","True"
"TwinCAT_OpenFramework_Temporary","Sources/TwinCAT.OpenFramework.Temporary/StateMachine/UnifiedProgram/Transitions/ReadyToHaltedUnifiedProgramTransition.TcPOU","True"
"TwinCAT_OpenFramework_Temporary","Sources/TwinCAT.OpenFramework.Temporary/StateMachine/UnifiedProgram/Transitions/ReadyToRunningUnifiedProgramTransition.TcPOU","True"
"TwinCAT_OpenFramework_Temporary","Sources/TwinCAT.OpenFramework.Temporary/StateMachine/UnifiedProgram/Transitions/RunningToHaltedUnifiedProgramTransition.TcPOU","True"
"TwinCAT_OpenFramework_Temporary","Sources/TwinCAT.OpenFramework.Temporary/StateMachine/UnifiedProgram/Transitions/RunningToReadyUnifiedProgramTransition.TcPOU","True"
"TwinCAT_OpenFramework_Temporary","Sources/TwinCAT.OpenFramework.Temporary/StateMachine/UnifiedProgram/Transitions/RunningToSuspendedUnifiedProgramTransition.TcPOU","True"
"TwinCAT_OpenFramework_Temporary","Sources/TwinCAT.OpenFramework.Temporary/StateMachine/UnifiedProgram/Transitions/SuspendedToHaltedUnifiedProgramTransition.TcPOU","True"
"TwinCAT_OpenFramework_Temporary","Sources/TwinCAT.OpenFramework.Temporary/StateMachine/UnifiedProgram/Transitions/SuspendedToReadyUnifiedProgramTransition.TcPOU","True"
"TwinCAT_OpenFramework_Temporary","Sources/TwinCAT.OpenFramework.Temporary/StateMachine/UnifiedProgram/Transitions/SuspendedToRunningUnifiedProgramTransition.TcPOU","True"
"TwinCAT_OpenFramework_Temporary","Sources/TwinCAT.OpenFramework.Temporary/StateMachine/UnifiedProgram/UnifiedProgramConstants.TcGVL","True"
"TwinCAT_OpenFramework_Temporary","Sources/TwinCAT.OpenFramework.Temporary/StateMachine/UnifiedProgram/UnifiedProgramStateMachine.TcPOU","True"
"TwinCAT_OpenFramework_Temporary","Sources/TwinCAT.OpenFramework.Temporary/StateMachine/UnifiedProgram/UnifiedProgramStepExecutor.TcPOU","True"
"TwinCAT_OpenFramework_Tests","Sources/TwinCAT.OpenFramework.Tests/CurrentNamespace.TcGVL","True"
"TwinCAT_OpenFramework_Tests","Sources/TwinCAT.OpenFramework.Tests/LogFilter.TcPOU","True"
"TwinCAT_OpenFramework_Tests","Sources/TwinCAT.OpenFramework.Tests/TestAutomationController.TcPOU","True"
"TwinCAT_OpenFramework_Tests","Sources/TwinCAT.OpenFramework.Tests/Tests/Collections/Dynamic/DynamicDictionaryTest.TcPOU","True"
"TwinCAT_OpenFramework_Tests","Sources/TwinCAT.OpenFramework.Tests/Tests/Collections/Dynamic/DynamicByteListTest.TcPOU","True"
"TwinCAT_OpenFramework_Tests","Sources/TwinCAT.OpenFramework.Tests/Tests/Collections/Dynamic/DynamicListTest.TcPOU","True"
"TwinCAT_OpenFramework_Tests","Sources/TwinCAT.OpenFramework.Tests/Tests/Collections/Dynamic/DynamicUniqueDataSetTest.TcPOU","True"
"TwinCAT_OpenFramework_Tests","Sources/TwinCAT.OpenFramework.Tests/Tests/Collections/Dynamic/DynamicQueueTest.TcPOU","True"
"TwinCAT_OpenFramework_Tests","Sources/TwinCAT.OpenFramework.Tests/Tests/Collections/Static/StaticByteListTest.TcPOU","True"
"TwinCAT_OpenFramework_Tests","Sources/TwinCAT.OpenFramework.Tests/Tests/Collections/Static/StaticDictionaryTest.TcPOU","True"
"TwinCAT_OpenFramework_Tests","Sources/TwinCAT.OpenFramework.Tests/Tests/Collections/Static/StaticListTest.TcPOU","True"
"TwinCAT_OpenFramework_Tests","Sources/TwinCAT.OpenFramework.Tests/Tests/Collections/Static/StaticUniqueDataSetTest.TcPOU","True"
"TwinCAT_OpenFramework_Tests","Sources/TwinCAT.OpenFramework.Tests/Tests/Collections/Static/StaticQueueTest.TcPOU","True"
"TwinCAT_OpenFramework_Tests","Sources/TwinCAT.OpenFramework.Tests/Tests/Devices/IO/RangeAnalogValueConverterTest.TcPOU","True"
"TwinCAT_OpenFramework_Tests","Sources/TwinCAT.OpenFramework.Tests/Tests/ExceptionTest.TcPOU","True"
"TwinCAT_OpenFramework_Tests","Sources/TwinCAT.OpenFramework.Tests/MAIN.TcPOU","True"
"TwinCAT_OpenFramework_Tests","Sources/TwinCAT.OpenFramework.Tests/Tests/RandomTest.TcPOU","True"
"TwinCAT_OpenFramework_Tests","Sources/TwinCAT.OpenFramework.Tests/Tests/Files/DirectoryTest.TcPOU","True"
"TwinCAT_OpenFramework_Tests","Sources/TwinCAT.OpenFramework.Tests/Tests/Files/FileContentManagerTest.TcPOU","True"
"TwinCAT_OpenFramework_Tests","Sources/TwinCAT.OpenFramework.Tests/Tests/LoggerTest.TcPOU","True"
"TwinCAT_OpenFramework_Tests","Sources/TwinCAT.OpenFramework.Tests/Tests/Strings/String/StringBuilderTest.TcPOU","True"
"TwinCAT_OpenFramework_Tests","Sources/TwinCAT.OpenFramework.Tests/Tests/Strings/String/StringHelperTest.TcPOU","True"
"TwinCAT_OpenFramework_Tests","Sources/TwinCAT.OpenFramework.Tests/Tests/Strings/WideString/WideStringBuilderTest.TcPOU","True"
"TwinCAT_OpenFramework_Tests","Sources/TwinCAT.OpenFramework.Tests/Tests/Strings/WideString/WideStringHelperTest.TcPOU","True"
"TwinCAT_OpenFramework_Tests","Sources/TwinCAT.OpenFramework.Tests/Tests/TaskSequence/TaskSequenceTest.TcPOU","True"
"TwinCAT_OpenFramework_Tests","Sources/TwinCAT.OpenFramework.Tests/Tests/TaskSequence/CounterTask.TcPOU","True"
"TwinCAT_OpenFramework_Tests","Sources/TwinCAT.OpenFramework.Tests/TestTask.TcTTO","True"
"TwinCAT_OpenFramework_Tests","Sources/TwinCAT.OpenFramework.Tests/Version/Global_Version.TcGVL","True"
"TwinCAT_OpenFramework_Timers","Sources/TwinCAT.OpenFramework.Timers/Internal/CurrentNamespace.TcPOU","True"
"TwinCAT_OpenFramework_Timers","Sources/TwinCAT.OpenFramework.Timers/Internal/NamespaceExtractor.TcPOU","True"
"TwinCAT_OpenFramework_Timers","Sources/TwinCAT.OpenFramework.Timers/ITimer.TcIO","True"
"TwinCAT_OpenFramework_Timers","Sources/TwinCAT.OpenFramework.Timers/Timer.TcPOU","True"
"TwinCAT_OpenFramework_Timers","Sources/TwinCAT.OpenFramework.Timers/Version/Global_Version.TcGVL","True"
"TwinCAT_OpenFramework_Workflow","Sources/TwinCAT.OpenFramework.Workflow/Activities/Activity.TcPOU","True"
"TwinCAT_OpenFramework_Workflow","Sources/TwinCAT.OpenFramework.Workflow/Activities/Composite/Exclusive/Conditional/IfElse/IfElseActivity.TcPOU","True"
"TwinCAT_OpenFramework_Workflow","Sources/TwinCAT.OpenFramework.Workflow/Activities/Composite/Exclusive/Conditional/IfElse/IIfElseActivity.TcIO","True"
"TwinCAT_OpenFramework_Workflow","Sources/TwinCAT.OpenFramework.Workflow/Activities/Composite/Exclusive/ExclusiveCompositeActivity.TcPOU","True"
"TwinCAT_OpenFramework_Workflow","Sources/TwinCAT.OpenFramework.Workflow/Activities/Composite/Exclusive/IExclusiveCompositeActivity.TcIO","True"
"TwinCAT_OpenFramework_Workflow","Sources/TwinCAT.OpenFramework.Workflow/Activities/Composite/Exclusive/Loop/While/IWhileActivity.TcIO","True"
"TwinCAT_OpenFramework_Workflow","Sources/TwinCAT.OpenFramework.Workflow/Activities/Composite/Exclusive/Loop/While/WhileActivity.TcPOU","True"
"TwinCAT_OpenFramework_Workflow","Sources/TwinCAT.OpenFramework.Workflow/Activities/Composite/Exclusive/Sequence/ISequenceActivity.TcIO","True"
"TwinCAT_OpenFramework_Workflow","Sources/TwinCAT.OpenFramework.Workflow/Activities/Composite/Exclusive/Sequence/SequenceActivity.TcPOU","True"
"TwinCAT_OpenFramework_Workflow","Sources/TwinCAT.OpenFramework.Workflow/Activities/Composite/Exclusive/TryCatch/ICatchActivity.TcIO","True"
"TwinCAT_OpenFramework_Workflow","Sources/TwinCAT.OpenFramework.Workflow/Activities/Composite/Exclusive/TryCatch/ITryCatchActivity.TcIO","True"
"TwinCAT_OpenFramework_Workflow","Sources/TwinCAT.OpenFramework.Workflow/Activities/Composite/Exclusive/TryCatch/TryCatchActivity.TcPOU","True"
"TwinCAT_OpenFramework_Workflow","Sources/TwinCAT.OpenFramework.Workflow/Activities/Composite/Exclusive/Wait/WaitAndPick/IWaitAndPickActivity.TcIO","True"
"TwinCAT_OpenFramework_Workflow","Sources/TwinCAT.OpenFramework.Workflow/Activities/Composite/Exclusive/Wait/WaitAndPick/WaitAndPickActivity.TcPOU","True"
"TwinCAT_OpenFramework_Workflow","Sources/TwinCAT.OpenFramework.Workflow/Activities/Composite/ICompositeActivity.TcIO","True"
"TwinCAT_OpenFramework_Workflow","Sources/TwinCAT.OpenFramework.Workflow/Activities/Delay/DelayActivity.TcPOU","True"
"TwinCAT_OpenFramework_Workflow","Sources/TwinCAT.OpenFramework.Workflow/Activities/Delay/IDelayActivity.TcIO","True"
"TwinCAT_OpenFramework_Workflow","Sources/TwinCAT.OpenFramework.Workflow/Activities/IActivity.TcIO","True"
"TwinCAT_OpenFramework_Workflow","Sources/TwinCAT.OpenFramework.Workflow/Activities/WaitVariableValue/IWaitVariableValueActivity.TcIO","True"
"TwinCAT_OpenFramework_Workflow","Sources/TwinCAT.OpenFramework.Workflow/Activities/WaitVariableValue/WaitVariableValueActivity.TcPOU","True"
"TwinCAT_OpenFramework_Workflow","Sources/TwinCAT.OpenFramework.Workflow/Conditions/CompositeCondition/ICompositeCondition.TcIO","True"
"TwinCAT_OpenFramework_Workflow","Sources/TwinCAT.OpenFramework.Workflow/Conditions/CompositeCondition/CompositeCondition.TcPOU","True"
"TwinCAT_OpenFramework_Workflow","Sources/TwinCAT.OpenFramework.Workflow/Conditions/Condition.TcPOU","True"
"TwinCAT_OpenFramework_Workflow","Sources/TwinCAT.OpenFramework.Workflow/Conditions/ICondition.TcIO","True"
"TwinCAT_OpenFramework_Workflow","Sources/TwinCAT.OpenFramework.Workflow/Conditions/LOGICAL_OPERATOR.TcDUT","True"
"TwinCAT_OpenFramework_Workflow","Sources/TwinCAT.OpenFramework.Workflow/Conditions/True/ITrueCondition.TcIO","True"
"TwinCAT_OpenFramework_Workflow","Sources/TwinCAT.OpenFramework.Workflow/Conditions/True/TrueCondition.TcPOU","True"
"TwinCAT_OpenFramework_Workflow","Sources/TwinCAT.OpenFramework.Workflow/Conditions/VariableHasValue/VariableHasValueCondition.TcPOU","True"
"TwinCAT_OpenFramework_Workflow","Sources/TwinCAT.OpenFramework.Workflow/Conditions/VariableHasValue/IVariableHasValueCondition.TcIO","True"
"TwinCAT_OpenFramework_Workflow","Sources/TwinCAT.OpenFramework.Workflow/DataStructures/VARIABLE_DESCRIPTOR.TcPOU","True"
"TwinCAT_OpenFramework_Workflow","Sources/TwinCAT.OpenFramework.Workflow/Enums/ACTIVITY_RUNNING_STATE.TcDUT","True"
"TwinCAT_OpenFramework_Workflow","Sources/TwinCAT.OpenFramework.Workflow/Enums/ACTIVITY_STOPPING_STATE.TcDUT","True"
"TwinCAT_OpenFramework_Workflow","Sources/TwinCAT.OpenFramework.Workflow/Enums/WORKFLOW_ELEMENT_STATE.TcDUT","True"
"TwinCAT_OpenFramework_Workflow","Sources/TwinCAT.OpenFramework.Workflow/Exception/InvalidNestedWorkflowState/IInvalidNestedWorkflowStateException.TcIO","True"
"TwinCAT_OpenFramework_Workflow","Sources/TwinCAT.OpenFramework.Workflow/Exception/InvalidNestedWorkflowState/InvalidNestedWorkflowStateException.TcPOU","True"
"TwinCAT_OpenFramework_Workflow","Sources/TwinCAT.OpenFramework.Workflow/Exception/InvalidWorkflowTransition/IInvalidWorkflowTransitionException.TcIO","True"
"TwinCAT_OpenFramework_Workflow","Sources/TwinCAT.OpenFramework.Workflow/Exception/InvalidWorkflowTransition/InvalidWorkflowTransitionException.TcPOU","True"
"TwinCAT_OpenFramework_Workflow","Sources/TwinCAT.OpenFramework.Workflow/Internal/CurrentNamespace.TcPOU","True"
"TwinCAT_OpenFramework_Workflow","Sources/TwinCAT.OpenFramework.Workflow/Internal/NamespaceExtractor.TcPOU","True"
"TwinCAT_OpenFramework_Workflow","Sources/TwinCAT.OpenFramework.Workflow/IWorkflowElement.TcIO","True"
"TwinCAT_OpenFramework_Workflow","Sources/TwinCAT.OpenFramework.Workflow/IVariableContainer.TcIO","True"
"TwinCAT_OpenFramework_Workflow","Sources/TwinCAT.OpenFramework.Workflow/Version/Global_Version.TcGVL","True"
"TwinCAT_OpenFramework_Workflow","Sources/TwinCAT.OpenFramework.Workflow/Workflows.TcPOU","True"
"TwinCAT_OpenFramework_Workflow","Sources/TwinCAT.OpenFramework.Workflow/Workflow/Workflow.TcPOU","True"
"TwinCAT_OpenFramework_Workflow","Sources/TwinCAT.OpenFramework.Workflow/Workflow/IWorkflow.TcIO","True"
